year,developer,price,items_count
2018,Secret Level SRL,Free To Play,"KOEI TECMO GAMES CO., LTD."
2017,Poolians.com,Free to Play,NMS Software
2016,"Traveller's Tales,TT Games,Feral Interactive (Mac)",Free,Doomster Entertainment
2006,Unknown Worlds Entertainment,Free,Underdog Games
2008,Sandstorm Productions,Free,Sleepy Duck
2009,Darklight Games,Free,Techland
2008,Digital Eel,Free to Play,Cateia Games
2009,Defence Alliance Team,Free,Flyleap Studios Pty. Ltd.
2010,Octoshark Studios,Free,Obsidian Entertainment
2010,Valve,Free,AirWave Games
2013,Trion Worlds,Free to Play,"Ubisoft Sofia,Ubisoft Kiev"
2011,Red Duck Inc.,Free to Play,Still Running
2009,Cryptic Studios,Free to Play,JOL Studios
2011,Grey Havens,Free to Play,Noetic Games
2011,Peter Brinson and Kurosh ValaNejad,Free,Carenado
2011,Three Rings,Free to Play,Laugical Games
2011,Days of Wonder,Free to Play,Audials AG
2011,Daybreak Game Company,Free to Play,Capcom
2011,Reloaded Productions,Free to Play,Snkl Studio
2010,Cryptic Studios,Free to Play,"2K Australia,Gearbox Software,Aspyr (Mac, Linux)"
2012,Wild Shadow Studios,Free to Play,Squinky and the Squinkettes
2012,TAO,Free Demo,id Software
2012,BitSits Games,Free Demo,Under The Bridge
2012,"Standing Stone Games, LLC",Play for Free!,Vidan Design
2012,Nexon,Free to Play,The SKSE Team
2012,"Standing Stone Games, LLC",Play for Free!,Positech Games
2012,Hi-Rez Studios,Free to Play,Paradox Development Studio
2012,NEXON Korea Corp.,Free to Play,Oovee® Game Studios
2013,Artifice Studio,Free,Double Fine Productions
2013,Adam Foster,Free,Jon Sudbury Games
2013,Dragonfly,Free to Play,Funcom
2017,"Relic Entertainment,Feral Interactive (Mac),Feral Interactive (Linux)",Free to Play,Igor Rashkuev
2016,Power of 2,Free,Rockstar Games
2016,"SmiteWorks USA, LLC",Free to Play,"Idea Factory,Compile Heart,Sting"
2013,Runewaker,Free to Play,"SmiteWorks USA, LLC"
2013,Poppermost Productions,Free to Play,Cybertime System
2013,Cryptic Studios,Free to Play,Artery Games
2013,Nival,Free To Play,11 bit studios
2014,Alan Edwardes,Free,XGen Studios
2014,Subsoap,Free to Play,Eipix Entertainment
2014,Frozen Yak Entertainment,Free,GlassCats
2014,Mad Otter Games,Free To Play,DICE
2012,Minor Key Games,Free,HeR Interactive
2014,Fistful of Frags Team,Free,"Grip Games,3Division"
2006,Nabi Studios,Free to Play,Pathea Games
2014,Peoleo Entertainment,Free to Play,Toxic Games
2014,Crytek,Free to Play,Spiderweb Software
2016,Subvert Games,Free to Play,Monster Games
2014,Tribe Studios,Free To Play,Ubisoft - San Francisco
2014,Free Lives,Free,Ape Law
2014,GamePrix,Free to Play,ACQUIRE Corp.
2014,The Men Who Wear Many Hats,Free,Ubisoft - San Francisco
2014,REMIMORY,Free,"GRASSHOPPER MANUFACTURE INC.,AGM PLAYISM"
2014,"Gravvit Ltd,Forbes  Consult Ltd",Free To Play,Cleverweek
2014,Ankama Studio,Free to Play,"Escape Hatch Entertainment,LLC"
2014,Nexon,Free to Play,Firehawk Studios
2014,Croteam,Free,Elder Games
2014,"David Hensley,Alex Quick",Free,XPAGAME
2014,Infinity Plus 2,Free to Play,Antab Studio
2014,VIS - Visual Imagination Software,Free,Ubisoft - San Francisco
2014,Neon Serpent LLC,Free to Play,SimProse Studios
2014,"Hassey Enterprises, Inc.",Free to Play,"Pilgrim Adventures,GrabTheGames Studios"
2014,Vortal Storm,Free,Sean Davy
2014,Benjamin Bryant,Free,Nussoft
2014,Shumkov Dmitriy,Free to Play,Nooskewl
1993,Trazzy Entertainment,Free to Play,Digital Furnace Games
2014,InvertMouse,Free,Domus ludus
2015,InvertMouse,Free,CCP
2015,Spark Plug Games,Free To Play,Frontwing
2015,MovingBlocks,Free to Play,M2H
2015,Shifty Chair Games,Free to Play,Dovetail Games
2015,"Flashback Games,The Lordz Games Studio",Free to Play,Ubisoft - San Francisco
2014,Spasman Games,Free to Play,"Firaxis Games,Feral Interactive (Mac),Feral Interactive (Linux)"
2016,FeelThere,Free to Play,HypeTrain Digital
2008,Ascension Entertainment LLC,Free Mod,Blazing Badger
2001,Millenium Project Enterprises,Free to Play,Crank Goblin
2015,XLGAMES,Free to Play,Double Fine Productions
2015,"Filip Victor,Valve",Free,"Pilgrim Adventures,GrabTheGames Studios"
2015,Timedrop Studios,Free to Play,Treyarch
2015,"Team NINJA,KOEI TECMO GAMES CO., LTD.",Free to Play,"Signal Studios,Smart Ghost"
2015,Hyper Hippo Games,Free to Play,dtp – young entertainment Gmbh &amp; Co. KG
2015,Joycity,Free to Play,Starbreeze Studios AB
2015,Vostok Games,Free to Play,Erotes studio
2013,"Ratalaika Games S.L.,Woblyware",Free,Ubisoft
2016,Creative Assembly,Free to Play,Marmoset LLC
2015,Stephane Bottin,Free to Play,Techland
2015,Jeff Trier,Free to Play,Ubisoft - San Francisco
2015,Bytebin,Free to Play,Pixel Guy
2015,Blender Foundation,Free,Her Interactive
2015,Tigerish Games,Free to Play,"Signal Studios,Krome Studios"
2015,"Bluehole, Inc.",Free to Play,Ronimo Games
2015,Emad,Free,Matrix Trains
2015,Playsaurus,Free to Play,Proletariat Inc.
2011,"Relic Entertainment,Europe at War Development Team",Free,Lemondo Entertainment
2015,S2 Games,Free to Play,"Aerosoft GmbH,Stairport Sceneries"
2015,Andrettin,Free to Play,TSS Studio
2015,Digital Leisure Inc.,Free to Play,"Mido Basim,Danny Wei"
2015,Mr. Blue,Free to Play,"SmiteWorks USA, LLC"
2015,Diminished Studios,Free to Play,Eagle Dynamics SA
2017,AKGames,Free,TAMSOFT
2013,Blue Byte,Free to Play,Linkflag Studio
2015,momoStorm Entertainment,Free to Play,Circumlocutory Games
2015,Blue Manchu,Free,Bittersweet Entertainment
2015,Soccer Manager Ltd,Free to Play,"SmiteWorks USA, LLC"
2015,MAGICS,Free To Play,The Sims Studio
2015,Scary Bee LLC,Free,Martin Knopf
2015,"Jarbit,Castle art by Yuriy Gusev",Free,Ubisoft - San Francisco
2015,MobileBits,Free,Archaic Entertainment
2015,Wacha,Free,Delve Interactive
2015,Stolen Couch Games,Free,iEntertainment Network Inc
2008,"Silverlode Interactive,Wasatch Games",Free,Looking Glass Studios
2015,the whale husband,Free,@unepic_fran
2015,The SKSE Team,Free,YETU GAME
2015,Sapphire Dragon Productions,Free to Play,Ubisoft - San Francisco
2015,Rogue Snail,Free,Boogygames Studios
2010,Blue Byte,Free to Play,Aggroblakh
2015,Ice Water Games,Free,ZeroBit Games
2015,Crystice Softworks,Free to Play,ViquaSoft
2007,Teeworlds Team,Free,Valut
2015,Matthew Brown,Free,Ubisoft - San Francisco
2015,Icy Donut,Free to Play,Lux Caput (Andrey M)
2015,Johannes Eski,Free to Play,Binji
2014,Tuomo Laine,Free to Play,Colossal Order Ltd.
2013,FNGames,Free to Play,Ninja Theory
2015,Star Vault AB,Free to Play,"KOEI TECMO GAMES CO., LTD."
2015,CoaguCo Industries,Free to Play,Unfinished Pixel
2015,Trav Nash,Free to Play,Faris Mohammed
2015,Hi-Rez Studios,Free to Play,uegamestudio
2006,EasyAntiCheat Ltd,Free,Obsidian Entertainment
2015,Confused Genius,Free,Interactive Gaming Studios
2015,Fabian Jarrett,Free,Odin Game Studio
2015,FIVE-BN GAMES,Free to Play,LR Studio
2015,Aratog LLC,Free to Play,Wreck Tangle Games
2007,ShareX Team,Free,Exordium Games
2015,LUCKY GIRLS LIMITED,Free to Play,Red Mount Media
2014,Duion,Free to Play,Powerhoof
2015,Mango Protocol,Free,Carenado
2015,Studio Pixel,Free to Play,AEL Entertainment
2015,Michael Zahniser,Free,Payoff Technologies
2015,Michael Zahniser,Free to Play,Date Nighto
2015,Oblivionburn Productions,Free,Choice of Games
2015,"Bitl,Cobalt-57",Free,Xuse
2015,Ankama Studio,Free to Play,FeelThere
2015,Kosek.com,Free to Play,Crispy Software Development
2015,Tall Story Studios,Free,David Schneider
2015,AMPLITUDE Studios,Free,Ubisoft - San Francisco
2015,Tactic Studios Inc.,Free to Play,Absolutist Ltd.
2015,Kidalang,Free to Play,"Alterego Games,Digital Forest"
2015,VoidDev,Free,Ubisoft - San Francisco
2015,Quality Simulations,Free to Play,"SmiteWorks USA, LLC"
2015,Piranha Games Inc.,Free to Play,santasco.com
2015,ARTDINK,Free,Geek Sloth Games
2015,Exordium Games,Free,NeoNight
2015,Ubisoft Montreal,Free to Play,Mana Games
2015,"Cameron Baxter,Billy Jazz Hills Stickley",Free,PlayFirst
2015,Red Team Games,Free to Play,"SmiteWorks USA, LLC"
2015,ICE Entertainment,Free,NetherRealm Studios
2015,ICE Entertainment,Free,Warhead Entertainment
2016,ebi-hime,Free to Play,"Redlynx Ltd,Ubisoft  Shanghaï"
2016,Vicious Cycle Software,Free,"Ubisoft Paris,Ubisoft Annecy,Ubisoft Bucharest,Ubisoft Montpellier,Ubisoft Milan,Reflections"
2016,"CRAZYDIAMOND CO., LTD.",Free,Ivanovich Games
2016,Frere d'Arme,Free,Dark Day Interactive
2016,Aratog LLC,Free to Play,GamePhase
2016,SionoiS,Free to Play,Ubisoft - San Francisco
2015,Orihaus,Free to Play,Ubisoft - San Francisco
2016,Mana Games,Free to Play,Ubisoft - San Francisco
2014,dotBunny,Free to Play,"Monolith Productions, Inc."
1999,Sven Co-op Team,Free,Daily Magic Productions
2016,"Noah System,Mgame",Free to Play,Rumpus
2016,4 I Lab,Free to Play,Albatros Softworks
2016,Dream Reactor,Free to Play,Lukas Jaeckel
2016,CivilSavages,Free to Play,Zoink Games
2016,YFC games,Free to Play,"Comcept,Inti Creates"
2016,Soccer Manager Ltd,Free to Play,Visual Imagination Software GbR
2016,Crematorium of Time,Free to Play,United Independent Entertainment GmbH
2016,Guru Games,Free,Ubisoft - San Francisco
2016,Storm Sharks,Free to Play,Gearbox Software
2016,ESTsoft Corp.,Free to Play,Ice-Pick Lodge
2016,Cake Collective Games,Free,Bane Games
2016,Valve,Free,Triple Rush Games
2016,ComixPlay,Free to Play,MAGICS
2016,Holotech Studios,Free to Play,Orange_Juice
2016,LKA,Free,Trendy Entertainment
2016,Playa Games GmbH,Free to Play,Studio Pixel
2013,RETREAM,Free,Delve Interactive
2014,1C:InoCo,Free,"Traveller's Tales,TT Games,Feral Interactive (Mac)"
2016,JED GAMES,Free to Play,"Gabriel Priske,Luke Thomas"
2016,Fervent,Free to Play,Coconut Island Studio
2013,Snowed In Studios,Free to Play,Odd Emu
2016,Free Range Games,Free to Play,Simon Prefontaine
2016,White Wizard Games,Free,"Capcom U.S.A., Inc."
2016,From Earth Team,Free,Argent Games
2016,"IO Interactive A/S,Feral Interactive (Linux),Feral Interactive (Mac)",Free HITMAN™ Holiday Pack,Gloomywood
2015,Kukouri Mobile Entertainment,Free to Play,Kmany Design
2016,Wholetone Games,Free to Play,Awfully Nice Studio
2016,"Anchora Games,Dream Harvesters",Free to Play,Ubisoft - San Francisco
2016,Playcademy,Free to Play,Tap It Games
2016,G2CREW,Free to Play,Oointah
2016,"IMCGAMES Co.,Ltd.",Free to Play,exosyphen studios
2016,CloudTheWolf Games,Free to Play,Antoine Bilodeau
2015,"KOEI TECMO GAMES CO., LTD.",Free,Creative Assembly
2016,Okinawa Sunrise,Free,The Men Who Wear Many Hats
2016,Sean Davy,Free,"SmiteWorks USA, LLC"
2016,Ronimo Games,Free,initials
2016,Team17 Digital Ltd,Free to Play,Sweet Dog Studios
2016,LWNA,Free,Flight Systems
2016,Cadence Games,Free to Play,Telltale Games
2016,Fallen Snow Studios,Free to Play,Secret Level SRL
2016,Lemonsucker Games,Free to Play,vikingfabian.com
2016,Imperia Online LTD,Free to Play,PadLabs GmbH
2016,FURYU Corporation,Free,inXile Entertainment
2017,Mojang,Free,Anima Chambers
2016,Great War Team,Free to Play,Noble Empire Corp.
2016,Keinart Lobre,Free,Press Play
2016,Specter Game Studios,Free,Coffee Powered Machine
2016,Keinart Lobre,Free To Play,Lubiterum
2016,NIKITA ONLINE,Free to Play,Frozenmark Games
2016,Moon Studios GmbH,Free,Anvate Games
2016,Anticto,Free,StormBrewers
2016,Animus Interactive Inc,Free to Play,"Crystal Dynamics,Feral Interactive (Mac),Feral Interactive (Linux)"
2016,Parallaxian Pty Ltd,Free to Play,KFriske Studios
2016,Supra Games,Free To Play,Ubisoft - San Francisco
2016,Gearbox Software,Free to Play,Dovetail Games
2016,Crunchy Games,Free to Play,team BitClub
2016,Dark Gaia Studios,Free,Victory Works
2016,Wish Fang,Free To Play,Fatshark
2016,Kingdom Games,Free,Treyarch
2016,"Studio Wildcard,Instinct Games,Efecto Studios,Virtual Basement LLC",Free,Black Lime Studio
2016,varlamov5264,Free to Play,Freebird Games
2016,"MPR ART Hallucinations,David Szymanski",Free,EnsenaSoft
2017,Firaxis,Free,Kittehface Software
2016,"Traveller's Tales,TT Games,Feral Interactive (Mac)",Free To Play,CookieByte Entertainment
2016,Fuero Games,Free to Play,Red Barrels
2016,Wormwood Studios,Free,Foolish Mortals Games
2016,Shugasu UG,Free To Play,"Relic Entertainment,Feral Interactive (Mac),Feral Interactive (Linux)"
2016,"Fabio Ferrara,Davide Caio,Nicolò Azzolini,Antonio Carcagnì,Luigi Di Guida,Tommaso Vita",Free,MoaCube
2016,Monkeys Tales Studio,Free to Play,Antiproto
2016,Holotech Studios,Free,Jakub Klementewicz
2016,Holotech Studios,Free,Prootgames
2016,Stardock Entertainment,Free to Play,GameUS Inc.
2016,YFC games,Free To Play,Slant Six Games
2017,Renegade Kid,Free,Stainless Games
2016,"Носков Сергей,Дмитрий Николаев",Free,SmashMouth Games Ltd
2016,Bad Pixel,Free to Play,"Iron Galaxy Studios, LLC"
2016,Colossal Order Ltd.,Free,Team Tripleslash
2016,Storm Sharks Production,Free,MAGIX Software GmbH
2016,FiolaSoft Studio,Free To Play,Rob Howland
2017,"SmiteWorks USA, LLC",Free to Play,Wrecked Angle Studios
2016,Absolutist Ltd.,Free To Play,Arc System Works
2012,SplitmediaLabs,Free,AlternativaPlatform
2016,"KADOKAWA,Yoji Ojima,Studio Saizensen",Free,Hydravision Entertainment
2016,"KADOKAWA,Yoji Ojima,Studio Saizensen",Free,Force Of Habit
2016,"インレ,Inre",Free To Play,Yobowargames
2016,MuHa Games,Free,Nexon
2016,MuHa Games,Free,FobTi interactive
2016,Manipulation Machine,Free to Play,Ginger Labs LLC
2016,The Simutrans Team,Free,DayByDay Studio
2013,GameUS Inc.,Free,Righteous Hammer Games
2016,Mi'pu'mi Games GmbH,Free,Rebellion
2008,Saucer Software,Free To Play,Illwinter Game Design
2016,Mokus,Free to Play,Lightmare Studios
2016,Big Fish Games,Free,Big Way Games
2016,Big Fish Games,Free,Skyhook Games
2016,Mad Head Games,Free,BUGBEAR
2016,Mechanical Boss,Free To Play,Fishing Planet LLC
2016,Blam! Games LLC,Free To Play,Santa Clara Games
2017,radio,Free To Play,WHITEROCK games
2016,Freakinware Limited,Free To Play,Toontraxx Studios
2013,Robert Ferry,Free,Pixeljam
2016,Heroic Games,Free,Emerald Interactive Games
2016,The Game Creators,Free,Conflux Games
2016,Lostwood,Free,VolumeUp Studios
2016,Starodymov,Free,Homemade Games
2016,Reperio Studios,Free,KUMA GAMES
2017,Crystal Dynamics,Free To Play,UroboroStudio
2016,Brave Bunny,Free,"Ironclad Games,Stardock Entertainment"
2016,Pipeworks Studio,Free,Colossal Order Ltd.
2016,Stolen Couch Games,Free to Play,Indie Games Studio
2016,Pipeworks Studio,Free,Eminent Softworks
2016,Frudelsoft,Free,Puuba
2017,Choice of Games,Free,MAGES. Inc.
2017,Bluehole Ginno Games,Free,Avalanche Studios
2016,Fantasy Flight Games,Free,Engage Pixel
2016,Mikael Kinnullder,Free,CUTE ANIME GIRLS
2017,"KxONE,Andrew Drumov,starmops",Free To Play,Asymptotic Games
2016,Sergey Eybog,Free,"SmiteWorks USA, LLC"
2015,Infernal Anvil Games,Free To Play,Peoleo Entertainment
2016,"Cloudcade, Inc.",Free To Play,Reiza Studios
2016,Elephant Games,Free,"D3Publisher of America, Inc."
2016,"S2 Games, LLC",Free to Play,Sirlin Games
2016,Hyper Hippo Games,Free To Play,Wormwood Studios
2016,Netker Inc.,Free to Play,Beavis Soft
2016,Musopia,Free,Rebourne Studios
2017,virtualRailroads,Free,Charyb Games
2014,Myshkin Entertainment,Free,Halycon Media
2016,DL Softworks,Free,Positech Games
2016,Monster Games,Free To Play,Lag Studios
2016,Looterkings,Free,studio wasp
2016,Monster Games,Free To Play,Paradox Development Studio
2016,Monster Games,Free To Play,Chocoarts
2016,"The Creative Assembly,Feral Interactive (Mac)",Free,Targem Games
2016,JaviteSoft,Free To Play,Zworkshop
2016,Hi-Rez Studios,Free to Play,Good Games
2016,TTCX Inc.,Free To Play,Ghostbutter
2016,"Psychic Software,Goblin Portal",Free To Play,Old Keyboard
2016,Pinokl Games,Free,"Monolith Productions, Inc."
2016,Image &amp; Form,Free,"Infinity Ward,Aspyr (Mac)"
2016,Santa Ragione,Free,Erdem Sen
2016,Edge Case Games Ltd.,Free to Play,Chasing Carrots
2016,StrangeLight Games,Free To Play,Robot Circus
2016,Fula Fisken,Free To Play,ARTDINK
2015,"Cyanide,Umix Studios",Free To Play,Volumetric Games
2016,Artplant,Free to Play,Yang Sun
2016,"Sebastian Schöner,Alex Cottrell",Free,Alabeo
2017,Frontier Developments,Free To Play,Arachnid Games
2016,SmartHart Games,Free,Ubisoft - San Francisco
2016,L. Stotch,Free To Play,SANDLOT
2016,"Potassium Frog Limited,Automata Source",Free,Hi-Rez Studios
2016,Colin Jones &amp; The Potassium Frog,Free,Laush Studio
2016,Pehesse,Free,"SmiteWorks USA, LLC"
2016,Home Net Games,Free To Play,"SmiteWorks USA, LLC"
2016,Timberwolf Studios,Free,CPsoft
2016,Vladimir Maslov,Free To Play,Arrowhead Game Studios
2016,"Rainbow Studios,THQ Nordic",Free To Play,Stegalosaurus Game Development
2016,FergaTroid Studios,Free,"Dan FitzGerald,Trichotomy"
2010,Dead Drop Studios LLC,Free,Afrobeast Games
2015,Paul Harrington,Free To Play,Henchman &amp; Goon
2016,Holotech Studios,Free,Jan Zizka
2016,Red Duck Inc.,Free,Microblast Games
2016,Bloodwolf Studio,Free,"Spike Chunsoft Co., Ltd."
2016,"Egidijus Bachur,Alexey Davydov",Free To Play,Blue Manchu
2016,Quiet River,Free,GSC Game World
2016,Stijn Van Cauter,Free,WOLCEN Studio
2017,Gas Powered Games,Free,"FarSight Studios, Inc."
2016,Katsudou Mangaya,Free To Play,NIGORO
2013,"CAPCOM Co., Ltd.",Free To Play,Red Herring Labs
2016,Cruderocks,Free To Play,HateBit
2016,Felip Guimerà,Free to Play,"Elias Viglione,Jussi Kukkonen"
2016,"Hassey Enterprises, Inc.",Free To Play,Zeroscale
2016,"Pyramid,Chara-Ani,G.rev Ltd.",Free,Big Fish Games
2016,Toposim,Free,Ubisoft - San Francisco
2016,Reto-Moto,Free to Play,Skyshine Games
2016,NukGames,Free To Play,"Idea Factory,Compile Heart"
2016,Monster Games,Free,RadiationBurn
2016,Monster Games,Free,Dodge Roll
2016,Spellbook,Free To Play,Yosemite Entertainment
2016,Cubical Drift,Free,"Relic Entertainment,Feral Interactive (Mac/Linux)"
2016,Rock Crow,Free To Play,Crytek
2016,CPsoft,Free To Play,"Signal Studios,Smart Ghost"
2016,Gamious,Free,"LeshaWhite Studio,LeshaWhite Studio"
2014,"IDEA FACTORY,COMPILE HEART",Free To Play,"Reflections, a Ubisoft Studio"
2016,SUPERCORE Games,Free,Skyhook Games
2016,"WEBZENONNET Co., Ltd.",Free to Play,Gearbox Software
2011,PLut,Free,neko.works
2016,Team Cat 'n Mice,Free,Tuomo Laine
2016,Carbon Studio,Free,Julia Games
2016,Carbon Studio,Free,Craftven
2016,Carbon Studio,Free,Digital Confectioners
2016,"CreSpirit,GemaYue",Free,AHEARTFULOFGAMES
2016,ColloseusX,Free To Play,Eugen Systems
2016,"Apocoplay LLC,Ludeme Games,Coreedge Inc",Free to Play,Nocturne Games
2014,Cat Nigiri,Free,Suppressive Fire Games
2016,Adhoc Games,Free,Metanet Software Inc.
2016,BYU Animation -  Class of 2016,Free,toxtronyx interactive GmbH
2017,7 Raven Studios,Free,IllFonic
2017,Playtonic Games,Free,Reppo
2015,Last Day of Work,Free,Lazy 8 Studios
2016,Modesty,Free To Play,The Hyper Carries!
2016,Ubisoft - San Francisco,Free,Liar-soft
2016,Improx Games,Free,Infogrames
2015,TBA Games,Free,XPAGAME
2017,Jamo Games,Free,Gaijin Entertainment Corporation
2016,Wargaming Group Limited,Free to Play,Days of Wonder
2014,Jason Sadler,Free To Play,Strategiae
2016,Pyrodactyl,Free,Vagabond Dog
2016,PIXOWL INC.,Free,Mokus
2016,Technomancy Studios,Free To Play,Sliverbroom Studios
2016,Monster Games,Free,Stainless Games
2016,Monster Games,Free,Ubisoft - San Francisco
2016,Monster Games,Free,Absolutist Ltd.
2016,Frank Lucas,Free,Icy Studios
2016,Dire Wolf Digital,Free To Play,SomaSim
2017,AIGRIND,Free to Play,rakusomoku
2016,Brain&amp;Brain,Free,"keenEdge,Neocortex"
2017,YFC games,Free To Play,Ubisoft - San Francisco
2016,AHA Entertainment,Free To Play,World-Loom
2016,Tabletopia Inc.,Free to Play,Other Ocean Interactive
2016,"James Montgomery,Daniel Paez,Jeff Jackman,Lance Montgomery,Michael Nova",Free,Llama Software
2016,"Spiff Tune,Nickervision Studios",Free,Shortbreak Studios s.c.
2016,Miria Studios,Free,Crytek
2016,Invi Games,Free,WaveDNA
2016,GamersHype Productions,Free,Scythuz
2016,Piranha Games Inc.,Free,Nocturnal works
2014,rologfos,Free To Play,Causal Bit Games Inc.
2016,Thylacine Studios,Free,Creative Assembly
2015,studio wasp,Free To Play,"KOEI TECMO GAMES CO., LTD."
2016,Brightrock Games,Free,Kenny Sun
2016,"Far East War Development Team,Relic",Free To Play,OrionSoft
2016,Quiet River,Free,IteraLabs
2016,StudioQi,Free To Play,Marvelous Inc.
2016,Gestmorph Games,Free To Play,Ubisoft - San Francisco
2016,Gamemag,Free To Play,"2K Czech,Feral Interactive (Mac)"
2016,Kiz Studios,Free To Play,OVERKILL - a Starbreeze Studio.
2016,Insane Mind Games,Free,Cryptic Studios
2016,Skatanic Studios,Free,Rise of One
2016,Game Studio Abraham Stolk Inc.,Free,DL Softworks
2016,Milestone S.r.l.,Free,"Grey Havens, LLC"
2016,Fernulldo Cordoba,Free,Stainless Games
2016,Game Science,Free to Play,"Traveller's Tales,TT Games,Feral Interactive (Mac)"
2015,GRAOUMF,Free,Nival
2016,SVRVIVE Studios,Free,HeR Interactive
2016,"FarSight Studios, Inc.",Free to Play,Hut 90
2016,Ubisoft - San Francisco,Free To Play,GameUS Inc.
2016,"FarSight Studios, Inc.",Free To Play,Overhype Studios
2016,Eternal Night Studios,Free To Play,Ronimo Games
2015,14 Dimension Enterprise,Free,Nerd Kingdom Inc.
2017,TERNOX,Free,inXile Entertainment
2017,Snowrunner Games,Free,No Bull Intentions
1997,Kids up hill,Free,Spotted Zebra Software LLC
2017,Milestone S.r.l.,Free,"SmiteWorks USA, LLC"
2017,Trilith Entertainment Ltd,Free to Play,Aleksandar Kuzmanovic Games
2017,Eidos Montreal,Free to Play,"Monolith Productions, Inc."
2015,"CAPCOM Co., Ltd.",Free to Play,Ocumens LLC
2017,Hyper Hippo Games,Free To Play,"BadFly Interactive, a.s."
2017,BANDAI NAMCO Studios Inc.,Free,Stray Fawn Studio
2017,Forever Entertainment S. A.,Free,NSE Circuit
2017,Warped Tales,Free,TERNOX
2017,SG Data,Free To Play,Iced Lizard Games
2017,I3,Free,Axel Sonic
2017,"Expansive Worlds,Avalanche Studios",Free,Crispy Software Development
2016,"Gravvit Ltd,Forbes  Consult Ltd",Free,"Dumativa Creative Studio,Castro Brothers"
2015,"Crystal Dynamics,Feral Interactive (Mac),Feral Interactive (Linux)",Free To Play,People Gotta Play
2017,Olivier LeClair,Free,Spicyhorse
2013,Royal Polygon,Free To Play,"Gearbox Software,Aspyr (Mac &amp; Linux)"
2017,Ubisoft - San Francisco,Free To Play,Pinterac
2017,Square Enix,Free to Play,MEGAFUZZ
2017,BANDAI NAMCO Studios Inc.,Free,s_unk
2012,Sherman3D,Free,"Rafael Barreto,MacKenzie Kaser"
2017,Schrolab,Free To Play,"Fancy Bytes, Reactor"
2017,Ran,Free To Play,FlatRedBall
2017,Mortis Games,Free To Play,Flying Wild Hog
2014,SoftWeir Inc.,Free To Play,Studio Bean
2017,DR Studios,Free to Play,Poking Water Games
2016,"Maciej Targoni,Wojciech Wasiak",Free to Play,Matthew Wester
2016,Swing Swing Submarine,Free,Atmosphere Entertainment Studios
2017,Skylar Stickley,Free,Dovetail Games
2017,Monster Games,Free,Ithaqua Labs
2017,Robert Pelloni,Free,League of Geeks
2017,BANDAI NAMCO Studios Inc.,Free,Ubisoft - San Francisco
2017,"KOEI TECMO GAMES CO., LTD.",Free to Play,Tamsoft
2001,Funcom,Free To Play,John Wizard
2011,Cryo Interactive,Free,NukGames
2007,"HANBITSOFT, INC.,IMC GAMES CO.,LTD.",Free to Play,Fishing Planet LLC
2017,Kinelco &amp; Lone Elk Creative,Free To Play,Soldak Entertainment
2017,Fairytale Distillery,Free,Pipeworks Studio
2017,FantaBlade Network,Free,DarkDes Labs
2017,"Crow's Key Studios, LLC",Free,"Artees,Trizton,Will Goss"
2017,Just1337 Studio,Free To Play,Otterly Bearable Games
2017,Avallon Alliance,Free To Play,"PolarityFlow,Adrian Zingg"
2017,Automaton,Free to Play,Innuendo Squad Studios
2017,"L. Stotch,Vladimir Soldatov",Free To Play,V7 Entertainment Inc.
2016,"Monolith Productions, Inc.,Feral Interactive (Mac),Feral Interactive (Linux)",Free,CodeBrush Games
2017,Threye Interactive,Free,SharkGame
2017,Deckbound,Free To Play,Black Cloud Studios
2017,ds-sans,Free,"SmiteWorks USA, LLC"
2017,Expect Studio,Free To Play,Infinity Ward
2017,Arcane Raise,Free,PyrofrogStudos
1996,Revolution Software Ltd,Free,Access Games
1997,Revolution Software Ltd,Free,"SmiteWorks USA, LLC"
2017,Milestone S.r.l.,Free,"KrossRails,Dovetail Games"
2017,"Binary Zoo,The Game Creators",Free to Play,Jon Gallant
2010,Ubisoft - San Francisco,Free to Play,Saibot Studios
2015,Snail-Ninja Studio,Free To Play,"Arc System Works,DotEmu"
2017,"KOEI TECMO GAMES CO., LTD.",Free to Play,Valve
2017,"KOEI TECMO GAMES CO., LTD.",Free to Play,exosyphen studios
2017,"KOEI TECMO GAMES CO., LTD.",Free to Play,Amaterasu Software
2017,Arrowiz,Free To Play,"Relic Entertainment,Feral Interactive (Mac),Feral Interactive (Linux)"
2017,Virtys,Free To Play,DoubleBear Productions
2017,DOG HOGGLER,Free To Play,Lee Sang
2017,VooFoo Studios,Free,Fakt Software
2017,Capcom,Free to Play,StevenHarmonGames
2017,Panoramik Inc,Free,Nothing Rhymes With Entertainment
2017,Laminar Research,Free,takk
2017,Laminar Research,Free,Musopia
2017,Laminar Research,Free,Forever Entertainment S. A.
2017,Laminar Research,Free,Computerhouse
2017,Laminar Research,Free,Team 6 Studios
2017,Laminar Research,Free,SubJuegos
2015,imaginite Ltd,Free To Play,Simple Blue
2017,Infinity Ward,Free,TAMSOFT
2014,ForepawSoft,Free,Ubisoft - San Francisco
2016,ForepawSoft,Free,Kurechii
2017,IPACS,Free To Play,Chainsaw Syndicate
2012,Smartbig Corportion,Free To Play,Pixel with Hat
2017,Screwy Lightbulb,Free,Omniconnection
2017,Kyvos Studios,Free,Silk Games
2015,LaboRatStudio,Free To Play,KOG
2017,Vogelfänger,Free,"Gravity, Inc."
2017,"Travis Forkner,Will Nations,Hailee Ammons",Free To Play,Jason Carter
2016,Strategiae,Free,"SmiteWorks USA, LLC"
2017,Ankama Studio,Free to Play,Ubisoft - San Francisco
2017,Allods Team,Free To Play,Holotech Studios
2017,Allods Team,Free,Ubisoft - San Francisco
2017,"SmiteWorks USA, LLC",Free,Bitmen Studios
2016,Random Seed Games,Free,"Idea Factory,Compile Heart"
2017,Galaxy Game Studio,Free To Play,Illwinter Game Design
2017,Milestone S.r.l.,Free,AMPLITUDE Studios
2017,AlternativaPlatform,Free to Play,Trendy Entertainment
2017,Reactive Drop Team,Free,Ino-Co Plus
2017,Nordcurrent,Free To Play,"Monolith Productions, Inc.,Feral Interactive (Mac),Feral Interactive (Linux)"
2017,"Mokylin Tech. Co.,Ltd",Free to Play,Inaccurate Interactive
2017,Ejoy Games,Free To Play,Aric Morrow
2017,Ebullience Games,Free To Play,Team2Bit
2017,Quiet River,Free,BlackMark Studio
2017,Peak Angle Team,Free,"Degica,Scythuz"
2017,Not Magic,Free,N-Fusion Interactive
2017,Milestone S.r.l.,Free,PileOfCrab
2017,Feline Fuelled Games,Free,RailSimulator.com
2017,Silent Legends,Free To Play,Ubisoft - San Francisco
2017,FIVE-BN GAMES,Free to Play,SNK Playmore
2017,ExperaGameStudio,Free,Chun Y.
2015,Alawar Entertainment,Free,"SmiteWorks USA, LLC"
2017,Pixel Night,Free,Brain Seal Ltd
2017,"Strata Mixed Reality, Inc.",Free,"Pilgrim Adventures,GrabTheGames Studios"
2017,上海班图网络科技有限公司,Free To Play,Sanzaru Games Inc.
2017,Milestone S.r.l.,Free,Slant Six Games
2017,Little World Studio,Free,"Phoenix Online Studios,Pinkerton Road Studio"
2017,Naloki,Free To Play,Impressions Games
2017,"KOEI TECMO GAMES CO., LTD.",Free to Play,Aweswan studios
2017,LR Studio,Free,OddBird
2017,Apillo,Free to Play,Ubisoft - San Francisco
2017,Berzerk Studio,Free To Play,Cherry Pop Games
2017,Nadeo,Free,Play Spirit Limited
2017,Aqualuft Games,Free,Birdshark! Games
2017,Bono Games,Free To Play,"CAVE Interactive CO.,LTD."
2011,BANDAI NAMCO Studios Inc.,Free,Three Gates AB
2017,TBDTS Games,Free,Access Software
2016,FromSoftware,Free to Play,PlazSoft
2017,Träumendes Mädchen,Free To Play,"SmiteWorks USA, LLC"
2017,Team B.R.O.S.,Free To Play,Vigil Games
2016,Wetgenes,Free,HKFiftyOne Games
2016,Candycane Games,Free To Play,10ft Games
2016,"Berserk Games,Gamelyn Games",Free,HeroCraft
2017,Trendy Entertainment,Free to Play,Shoho Games
2017,Dragom,Free,MeshTools
2017,Camex Games,Free To Play,MumboJumbo
2017,Edo Create,Free To Play,stillalive studios
2017,Michael Klaus Schmidt,Free,XenoAisam
2017,lingtanstudio,Free To Play,Techland
2017,Funcom,Free,Artogon Corp.
2017,"MWC,David J. Franco",Free,Avalanche Studios
2016,DarkShot Studios,Free,"KOEI TECMO GAMES CO., LTD."
2017,"Arttu Tuovinen,Alan Bourhis,Michael Callaghan",Free to Play,Zero Point Software
2017,Pavo Studio,Free,Roman Kozhukhov
2017,Vashta Entertainment,Free,Stainless Games
2017,"SmiteWorks USA, LLC",Free,Crystal Dynamics
2017,DONTNOD ELEVEN,Free To Play,Threye Interactive
2017,Subvert Games,Free,Idea Factory
2017,Dragon Foundry,Free To Play,SONNORI Corp
2017,ExperaGameStudio,Free,"KOEI TECMO GAMES CO., LTD."
2017,Overgroup,Free To Play,Paradox Interactive
2017,Imperia Online LTD,Free To Play,Michael Lückgen
2017,Creability,Free To Play,Teknopants
2016,TT Games,Free,DotEmu
2017,Trapped Team,Free,Catstudio
2017,Restory Studio,Free,ElZzap Software
2013,Creaky Lantern Games,Free,Paradox Development Studio
2017,Gravity Interactive,Free to Play,High Iron Simulations
2017,nullos GbR,Free,Taco Truck Games
2017,Steve Antoniadis,Free To Play,Deconstructeam
2017,Ubisoft,Free,Cybertime System
2012,Dovetail Games,Free To Play,WindThunder Studio
2016,Individual Software,Free,Vertigo Games America
2017,SolarByte,Free to Play,Seraphim Creations
2017,"Asmodee Digital,Playsoft,Z-Man Games",Free to Play,"xXarabongXx,WrathSchneider"
2017,Pixel Federation,Free To Play,Ubisoft - San Francisco
2017,Unnyhog,Free To Play,Lunar Giant
2017,IPACS,Free,Gravity Interactive
2017,"Monolith Productions, Inc.",Free to Play,Klei Entertainment
2017,Targem Games,Free To Play,Team17 Digital Ltd
2017,lightUP,Free,Mad Unicorn Games
2017,Funcom,Free To Play,Alawar Stargaze
2017,Random Seed Games,Free to Play,Hothead Games
2014,Labyrinthine,Free To Play,Blaze Epic
2017,XTeam Software Solutions srls,Free,The Farm 51
2017,Mimimi Productions,Free,Realore
2017,ZoR Dev,Free To Play,"Traveller's Tales,TT Games,Feral Interactive (Mac)"
2015,Ankama Studio,Free,Gaijin Entertainment
2017,Joseph Calabro,Free to Play,SmashMouth Games Ltd
2017,No Moon,Free to Play,Access Software
2017,"YourFunWorld Studios,Grey Havens",Free To Play,SEGA
2017,FrozenPepper S.R.L,Free To Play,ProjectorGames
2017,Brave Little Studios,Free To Play,PopTop
2017,Noble Master LLC,Free to Play,United Front Games
2017,Ubisoft - San Francisco,Free to Play,"SmiteWorks USA, LLC"
2016,ERS Game Studios,Free To Play,Altai Game Studio
2011,"SmiteWorks USA, LLC",Free,Art Games
2017,"Chasing Carrots,Schnack Music Manufacture",Free,Solar Sails Games
2017,Little Big MMO,Free To Play,Plexagon Studios
2017,"Super Awesome Hyper Dimensional Mega Team,Sonotrigger",Free,Cateia Games
2017,14 Hours Productions,Free to Play,Sindie Games
2017,Initiative Games,Free To Play,Mega Crit Games
2017,Eternal Night Studios,Free To Play,"Artur Games,Music by Darkman007"
2016,Dumb and Fat Games,Free,Quiet River
2017,Bulbware,Free,Cat5Games
2011,Gerald David Becker,Free,Exe Create Inc.
2017,CloudScapeGT,Free,"Square Enix,KOEI TECMO GAMES CO., LTD."
2017,Deydrihm,Free,Graviteam
2017,WnMStudio,Free To Play,Focus Home Interactive
2017,SOFTON ENTERTAINMENT,Free to Play,Funktronic Labs
2015,Evan (Solidplasma) Peiperl,Free,VaragtP
2017,"Stardock Entertainment,Oxide Games",Free,Cornered Rat Software
2017,Endless Loop Studios,Free,4 Head Studios
2017,"OrangeGames,YoudaGames",Free To Play,Warfare Studios
2015,Fishing Planet LLC,Free to Play,Thomson Interactive
2017,"Flo Knödl,Johannes Fischer,Michael Hütter,Christoph Müller,Simon Eberl,Thomas Kern,Lukas Schönwiese",Free,Military Visualizations
2015,Fishing Cactus,Free To Play,Abrakam SA
2017,弘原游戏,Free,The Astronauts
2017,Llama Software,Free,Ubisoft - San Francisco
2017,Llama Software,Free,Dovetail Games
2018,momoStorm Entertainment,Free To Play,Joakim Sandberg
2017,X-Legend,Free To Play,Cooply Solutions
2017,Glyph Worlds,Free To Play,Bird in Sky
2017,Hohng LLC,Free,David O'Boyle
2017,JoyBits Ltd.,Free to Play,Noble Empire Corp.
2017,Dodge Roll,Free to Play,Fire Hose Games
2017,slizer88,Free To Play,Verymax
2017,Dalibor Kamnjanac,Free,Zombie Studios
2010,IMakeGames,Free To Play,"Gregory Avery-Weir,Melissa Avery-Weir"
2017,NS STUDIO,Free To Play,"Spike Chunsoft Co., Ltd."
2017,Chocolate Liberation Front,Free,IO Interactive
2017,Lokator Studio,Free,Orbx
2017,"BNA Studios, LLC",Free To Play,ACE Team
2017,Ediogames,Free to Play,Sliverbroom Studios
2017,Hi-Rez Studios,Free to Play,Ubisoft - San Francisco
2017,Monster Games,Free,"Tribe Tea,Stas Shostak,Evgeniy Yudin,Alexzander Protasenya,Ruslan Viter"
2017,Event Horizon,Free,Replay Studios
2017,Mani Kommoula,Free,Ideas Pad
2017,The Dashing Crate,Free To Play,The Sun Will Rise Team
2017,gtscom,Free To Play,Michaela Laws
2017,YETU GAME,Free,K-D Lab
2017,LAN - GAMES EOOD,Free to Play,The 3DO Company
2017,"LucasArts,Aspyr Studios",Free To Play,Evil Twin Artworks
2017,"Aleksandr Soldatov,Leonid Kozhushko",Free To Play,The Sims Studio
2004,Telltale Games,Free To Play,Elushis
2015,Dragonfly,Free,"ApathyWorks, LLC"
2016,Burak Yücel,Free,Ubisoft - San Francisco
2017,"Future Games Select,Cayle George",Free,Ubisoft - San Francisco
2017,"Future Games Select,Cayle George",Free,PVGames
2017,Endless Loop Studios,Free,MercurySteam - Climax Studios
2017,Zetsubou,Free,Ensemble Studios
2017,"Linden Research, Inc.",Free To Play,Kittik Game Studio
2017,Teletower Studios,Free To Play,Hosted Games
2017,Yo252yo,Free,InvertMouse
2017,Toni Domínguez,Free,Chronos Unterhaltungssoftware
2017,NEXON Korea Corp.,Free To Play,Michaela Laws
2006,SDEnterNET,Free To Play,"BadFly Interactive, a.s."
2017,IronEqual,Free To Play,Scott Cawthon
2017,Upturn Games,Free,Achisoft
2017,Grindstone Interactive,Free to Play,Dragonfly
2017,GIANTY Inc.,Free,Treehouse Ltd
2017,Videojuegos Fermín,Free To Play,BrashMonkey
2017,MING-CHIEN LEE,Free,"NetherRealm Studios,QLOC"
2017,Christopher Howard,Free To Play,"Damian Sommer,Emily Carroll"
2017,Coty Getzelman,Free to Play,David Mulder
2016,Bazitov Mikhail,Free To Play,Devil's Details
2017,Z-Software GmbH,Free,Roger von Biersborn
2017,Retrotainment Games,Free,azimut team
2017,Crankies Smartworks,Free,Gameplay Ltd.
2017,Deck13,Free to Play,Neo Red Entertainment
2017,YIMING ZHANG,Free To Play,HexWar Games
2017,Fasold Games,Free,MAGES. Inc.
2017,Joycity,Free To Play,Cyanide Studios
2017,Pixel with Hat,Free,Nomad Games
2017,The Game Creators,Free,Ubisoft - San Francisco
2017,Iron 27,Free To Play,Choice of Games
2017,SandorHQ,Free,Futuremark
2014,DL Softworks,Free,dwCrew
2016,Funcom,Free To Play,Beamdog
2017,Gigantoraptor Games,Free,"Relic Entertainment,Feral Interactive (Mac),Feral Interactive (Linux)"
2017,Celery Emblem™,Free,Ovosonico
2015,Thrive Games,Free,Infinity Ward
2017,Extreme Developers,Free To Play,Maple Flag
2017,PinkySwear,Free,GoldenGod Games
2017,Cybergrotex,Free To Play,Daniel Griffin
2017,Connor O.R.T. Linning,Free,Mad Head Games
2017,PuzzleRoo,Free,The Artistocrats
2017,Creative Assembly,Free,ACQUIRE Corp.
2017,Omniconnection,Free to Play,Days of Wonder
2017,Grey Gods,Free,Colossal Wreck
2017,Cyan Inc.,Free To Play,Invi Games
2017,Nestor Yavorskyy,Free,Milkstone Studios
2017,Jumpsky.co,Free,Battenberg Software
2017,"Kaos Studios,Digital Extremes",Free To Play,Paradox Development Studio
2017,Chess no choke games,Free,Walter Machado
2017,Causa Creations,Free,Team17 Digital Ltd
2017,AIGRIND,Free to Play,"SmiteWorks USA, LLC"
2017,"Riposte Games &amp; Co, Inc",Free To Play,MumboJumbo
2017,Derpy Dinos,Free To Play,14 Hours Productions
2014,CGGAMES,Free,plaiko
2017,bad monkee,Free to Play,DIMPS
2017,Point2Point Entertainment,Free,"CAVE Interactive CO.,LTD."
2017,IObit,Free,WhiteNutGames
2017,Shadow Blade Productions,Free,Phil Blank
2017,Stunlock Studios,Free To Play,Tamsoft
2017,Class of  2016-2017,Free,DL Softworks
2017,"F.U.U.M. Co., Ltd.",Free To Play,"Mighty Rabbit Studios,Relevant Games"
2017,"F.U.U.M. Co., Ltd.",Free To Play,Havishamone Games
2017,"F.U.U.M. Co., Ltd.",Free To Play,"Capcom U.S.A., Inc."
2017,"F.U.U.M. Co., Ltd.",Free To Play,David Kilmer
2017,TML-Studios,Free,Microblast Games
1994,RDavis,Free,Ino-Co Plus
2017,AMPLITUDE Studios,Free,Snowdrop Lab
2017,AMPLITUDE Studios,Free,Teyon
2017,AMPLITUDE Studios,Free,"Toadman Interactive,Fatshark"
2017,"Dragonfly GF Co., LTD",Free,Milestone S.r.l.
2004,Unreal Software,Free To Play,Dovetail Games
2015,"Daedalic Entertainment,Irresponsible Games",Free,Evgeny Osmet
2017,AMPLITUDE Studios,Free,Wolfire Games
2017,"KOEI TECMO GAMES CO., LTD.",Free,DL Softworks
2015,"Obsidian Entertainment,My.com",Free To Play,Glass Bottom Games
2017,Obsidian Entertainment,Free,Jon Gallant
2015,Kiz Studios,Free To Play,Boolat Entertainment
2014,"Finji,Kittehface Software",Free,"Tilted Mill Entertainment, Inc."
2017,Monster Games,Free,CreativeForge Games
2017,The Game Creators,Free,Sacada
2015,inbetweengames,Free,bycomb
2015,"Rocketeer Games Studio, LLC",Free To Play,The Hazardous Dude
2017,SoftWeir Inc.,Free,Freebird Games
2017,Cole Kitroser,Free,Lupiesoft
2010,"SmiteWorks USA, LLC",Free,Team Cherry
2012,"Relic Entertainment,Modern Combat Development Team,Black Sand Studios",Free,Tomb Team
2017,Binary Souls,Free,Aratog LLC
2017,Koo Games Ltd,Free,White Chamber
2007,"Callipygian Games, LLC",Free To Play,Capcom
2017,"Digital Cookie Co., Ltd.",Free,SEGA
2017,Fantasy Flight Games,Free To Play,Totem games
2017,Scott Cawthon,Free,Arc System Works
2017,Jakal Studios,Free to Play,Irrational Games
2017,Colossal Order Ltd.,Free,Joycity
2017,"RocketSnail,SkyVu",Free to Play,A Maniacal Game LP
2017,Archbears,Free To Play,"Mad Hunter Studio,EHTechnology"
2017,KITATUS STUDIOS,Free,Valut
2017,LOVIGAME,Free,11 bit studios
2017,"Ward Mahadin,Aaram Mahadin,Nehaia Halabeieh",Free,Nitro Games
2017,Quiet River,Free To Play,Arcane Raise
2017,Caliburn Studio,Free To Play,Endless Loop Studios
2017,Juppiomenz,Free to Play,Thylacine Studios
2017,ecoddr,Free To Play,SQUARE ENIX
2017,Gameloft,Free To Play,Artifex Mundi
2017,Gameloft,Free,MAGIX Software GmbH
2017,N3V Games,Free,Darkraven
2017,TiGAMES,Free To Play,MAGIX Software GmbH
2017,Ripstone,Free,"Bread Team,Victor Solodilov,Denis Novikov"
2017,Albatros Softworks,Free,Red Abyss Software
2017,Monster Games,Free,Carlo D'Apostoli Projects
2017,Hijong Park,Free,oddonegames
2017,Soccer Manager Ltd,Free To Play,Still Running
2017,"Sonic Team,Hardlight",Free,Checkmark Games
2017,The Game Bakery,Free,"SmiteWorks USA, LLC"
2017,Raum Studio,Free To Play,BL-Logic
2016,Crystal Box Team,Free,Splashteam
2017,Harry Gill,Free,Pixel Elephant
2017,Atom Republic,Free to Play,Ubisoft – San Francisco
2017,Robert Ferry,Free,Studio Fizbin
2017,Kaan Bukusoglu,Free To Play,Dambuster Studios
2017,Wooden Shoes Games,Free,Rampant Games
2017,The Game Creators,Free To Play,Magic Pixel Kft.
2017,Prideful Sloth,Free,Ubisoft - San Francisco
2017,The House of Fables,Free,Ionized Games
2017,Crytek,Free,Altar Games
2017,Doborog Games,Free,FarSight Studios
2017,Noio,Free,Ape Law
2017,Leon Aminof,Free To Play,SNK CORPORATION
2016,Top3Line s.r.o.,Free,Ubisoft - San Francisco
2015,Hidden Path Entertainment,Free,"Codemasters Racing,Feral Interactive (Mac)"
2017,Scourgey Works,Free,Clickteam
2018,Heliocentric Studios,Free,NS STUDIO
2017,Arcupion Art,Free To Play,Incandescent Imaging
2017,Alice &amp; Smith,Free,Real Dynamics
2017,Just Fishing LLC,Free To Play,Ubisoft - San Francisco
2017,YGGDRASIL STUDIO,Free to Play,"Milan Kazarka,Jeroen van Oosten"
2016,NorbSoftDev,Free,Microids
2017,Holyday Studios,Free To Play,Paradox Interactive
2014,"GZ Storm,Lazrael",Free To Play,SharkGame
2017,Spiele-Palast GmbH,Free To Play,G. Malta
2014,DIMPS,Free,Mind Over Matter Studios
2017,Fiveamp,Free To Play,Pixel Guy
2017,Roman Kozhukhov,Free To Play,Snapshot Games Inc.
2017,Luis Eduardo Guedes Martins,Free,Dovetail Games
2012,Ripknot Systems,Free,Simgames.ch
2017,"CAPCOM Co., Ltd.",Free To Play,"SmiteWorks USA, LLC"
2017,Gameloft,Free To Play,Eastshade Studios LLC
2012,"Team17 Digital Ltd,Mouldy Toof Studios",Free,Kevin Nitschmann/Darius Bode
2017,Albatros Softworks,Free,Quantum Entanglement Games
2017,Desert Owl Games LLC,Free To Play,BioWare
2017,Jajaben Games,Free,Encircle Games
2017,SEROSOO,Free,Cardboard Keep
2017,Studio Namaapa,Free,Frontier Developments
2017,アスガル騎士団,Free,Edge Case Games Ltd.
2013,Byzantine Games,Free to Play,Ubisoft - San Francisco
2017,"hyperboreanGames,Svarog Studios",Free,Stainless Games
2017,RayKingArts,Free,上海烛龙信息科技有限公司
2017,Jean-Sébastien Nouveau,Free,Flump Studios
2017,Droog71,Free,Sonic Boom Games
2017,Absolutist Ltd,Free To Play,Cannibal Panda Studios
2017,Team DOTS,Free,"Team NINJA,KOEI TECMO GAMES CO., LTD."
2017,Michael McCartney,Free,NukGames
2017,Stainless Games Ltd,Free,Red Chain Games Ltd.
2017,Semicolon;,Free to Play,Tsunehiko Shimazu
2017,Shazard G Bansraj,Free To Play,Bohemia Interactive
2017,Tribal Dreams,Free,XLGAMES
2017,Actoz Soft,Free To Play,The Most
2017,Arc System Works,Free,Gearbox Software
2017,Brewsterland Studios,Free To Play,b-alive gmbh
2017,For Kids,Free To Play,"SmiteWorks USA, LLC"
2017,Thunder Devs.,Free To Play,ThinkFast Studio
2017,Daniel Wiitanen,Free To Play,Dovetail Games
2017,"KING Art,upjers",Free To Play,Wormwood Studios
2017,"Sonic Team,Hardlight",Free,putilin_industries
2017,WayForward,Free,SEGA
2015,Stainless Games,Free,Dreadbit
2017,兔子放映部,Free,The Foregone Syndicate
2017,"Acram Digital,Mobo Studio",Free,Access Games
2017,Crytek,Free To Play,Mirador Studio
1981,zov game stuido,Free,Jan Zizka
2017,Dovetail Games,Free,SGS Team
2017,NS STUDIO,Free To Play,Benjamin Scott
2016,Ubisoft - San Francisco,Free,Overhype Studios
2012,PLut,Free Mod,251 Games
2017,"owl.,Jonas Tintenseher,BáiYù,Andrewus,Atomic-Invasion,Butterfly Wisps,Noyemi Karlaitė,Mama J,Shida",Free,"Playdek, Inc."
2017,Bluehole Ginno Games,Free,"Capcom U.S.A., Inc."
2017,Alawar Stargaze,Free To Play,Sleepless Clinic
2016,Turbo Tape Games,Free,REAL Co.Ltd
2017,Konami Digital Entertainment,Free to Play,League of Geeks
2017,Tomb Team,Free To Play,Rocksteady Studios
2017,Left Flank Games,Free To Play,Ubisoft - San Francisco
2016,Fabricated Reality Software,Free to Play,Longbow Games
2017,"Konami Digital Entertainment Co., Ltd",Free to Play,PixelMouse
2017,LongYou Game,Free To Play,"KADOKAWA,Yoji Ojima,Murray Atkinson"
2016,Lemon Jam Studio,Free To Play,"SmiteWorks USA, LLC"
2015,Ronimo Games,Free,Double Fine Productions
2017,Obsidian Entertainment,Free,Musopia
2016,Alawar,Free,Playtonic Games
2017,Wargaming Group Limited,Free to Play,Frogwares
2017,bycomb,Free,Daedalic Entertainment
2013,Sports Interactive,Free,"Just1337 Studio,Crohack"
2008,Vibe Avenue,Free,Trinket Studios
2017,Saddletrip,Free,David Mulder
2017,Team Nekojishi,Free To Play,Ubisoft - San Francisco
2017,Camex Games,Free To Play,"IllFonic,Psyop Games"
2017,Teemo Soft,Free,Codename Entertainment Inc.
2017,Naddic Games,Free To Play,Ubisoft Montreal
2017,Quiet River,Free to Play,"Relic Entertainment,Feral Interactive (Mac),Feral Interactive (Linux)"
2017,TerkStudios,Free,"38,9_Degrees"
2015,BioWare,Free To Play,Warfare Studios
2008,Estelion,Free To Play,Ubisoft - San Francisco
2017,Heluo Studio,Free To Play,圆点游戏
2017,IPACS,Free,Bacq Stellan
2017,"Sonic Team,Hardlight",Free,ScaryPotato
2017,Vladimir Maslov,Free To Play,"FarSight Studios, Inc."
2017,2-Volt Games,Free to Play,Visiontrick Media
2017,AIGRIND,Free To Play,X-Bow Software
2017,"Nova Dimension,Game-Ready Studio",Free,Hammerfall Publishing
2017,"Nova Dimension,Game-Ready Studio",Free,CyberLink
2017,BBit,Free To Play,Ubisoft - San Francisco
2017,Techland,Free To Play,Fishcow Studio
2013,Black Pants Studio,Free,"Capcom U.S.A., Inc."
2017,Project Polish Productions,Free to Play,Timedrop Studios
2017,Team Full Sail,Free,Musopia
2016,IndigoBlue Game Studio,Free,Viny Game Studios
2017,SubJuegos,Free,DiezelPower
2017,The Hyper Carries!,Free to Play,NIGHTBOX
2014,Paradox Development Studio,Free To Play,Squish Studios LLC
2017,Artyom Laletin,Free,LucasArts
2017,Ithaqua Labs,Free,"VI GAMES LLC,Ivan Buderkrvych"
2017,Red Dot Games,Free,Matrix Trains
2017,Black Forest Games,Free To Play,Ironsun Studios
2017,Nestor Yavorskyy,Free,SEGA
2017,Hoobalugalar_X,Free,HA Studio Ltd.
2017,Albatros Softworks,Free,Frisky Fatal Games
2017,Sometimes You,Free To Play,PinkySwear
2017,Fasold Games,Free To Play,Profenix Studio SRLS
2017,Andrew Rodenhiser,Free To Play,"German Airports Team,Omar Masroor,Caipirinha Games"
2017,Initiative Games,Free,"MPR ART Hallucinations,Roger Levy"
2017,Reflect Studios,Free,AMPLITUDE Studios
2017,"KUMA, LLC",Free To Play,Jamey Stegmaier
2017,Bristol Street Studios,Free,Zen Studios
2010,Battle of Crete Development Team,Free,Suspicious Developments
2017,AMPLITUDE Studios,Free,Stardock Entertainment
2017,拉貢拉斯找金粒,Free To Play,"Triple-Star Studio,Rock Path Collective"
2017,Malzbie Games,Free To Play,Arconyx
2017,"Strata Mixed Reality, Inc.",Free,Ubisoft - San Francisco
2017,Wickworks,Free,The Sims Studio
2016,Capcom,Free To Play,"Sledgehammer Games,Raven Software"
2017,深圳市云宙多媒体,Free,Peter Lacalamita
2017,Zen Studios,Free,Infinity Ward
2016,Rebusmind,Free To Play,"Schine, GmbH"
2017,Rainbow Games,Free to Play,SCS Software
2017,SNK Playmore,Free,putilin_industries
2017,O.P. Games,Free,"Gravvit Ltd,Forbes  Consult Ltd"
2017,GAMESinFLAMES,Free To Play,NGD Studios
2017,Monster Games,Free,Boogygames Studios
2017,Monster Games,Free,Goatee Games
2017,"Live in the Game, LLC Self",Free To Play,Tequila Works SL
2017,Bytro Labs GmbH,Free to Play,"Idea Factory,Compile Heart"
2017,BRINK 3D,Free,DL Softworks
2017,CreativeForge Games,Free,"Maxwolf,Fox"
2017,B2Expand,Free To Play,Ubisoft - San Francisco
2017,Overhype Studios,Free,Mana Games
2016,Ultimate Glitch,Free,Ubisoft - San Francisco
2017,Top Shelf Studios,Free,Trendy Entertainment
2017,Acute Games,Free To Play,"SmiteWorks USA, LLC"
2017,Fury Software,Free,"SmiteWorks USA, LLC"
2017,Super Suite Studios,Free to Play,"BLACK LODGE GAMES, LLC"
2017,Ultrabit,Free to Play,Tazigen Clock
2017,Blue Mammoth Games,Free to Play,MECH'AT
2015,Gato Salvaje S.L.,Free To Play,Bulwark Studios
2016,Funtime,Free To Play,"XiNFiNiTY Games,Nova Studios"
2017,Anton Shatalov,Free,Room710Games
2017,Pixel with Hat,Free,Red Abyss Software
2017,Ninja Kiwi,Free To Play,Capcom
2017,Steven Taylor,Free To Play,"UBIart Montpellier,Feral Interactive (Mac)"
2017,Dave Gumble,Free To Play,Ubisoft - San Francisco
2007,Idea Factory,Free,Wulo Games
2017,Home Net Games,Free To Play,Animation Arts
2017,Spasman Games,Free To Play,"Ubisoft Quebec, in collaboration with Ubisoft Annecy, Bucharest, Kiev, Montreal, Montpellier, Shanghai, Singapore, Sofia, Toronto studios"
2017,Carlo D'Apostoli Projects,Free,Why Not Games
2015,"no CVT,BlackMuffin",Free To Play,Khor Chin Heong
2017,Okinawa Sunrise,Free,Ethereal Darkness Interactive
2017,"imos AG,MOS Consult",Free To Play,Nozon
2017,TeamTop Games,Free to Play,Arc System Works
2015,Hardsuit Labs,Free,"Ironclad Games,Stardock Entertainment"
2017,Monolith Productions,Free,"Sachonski,Renamilanesi,Sith"
2017,"Monolith Productions, Inc.",Free,Windy Hill
2017,Homewreckers Studio,Free to Play,"Pixel Barrage Entertainment, Inc."
2017,Worthing &amp; Moncrieff,Free To Play,Rodaja
2017,The Revera Corporation,Free,"Galavalomka Games,Aslan Game Studio"
2017,Ionized Games,Free,Studio SiestA
2017,Rob Howland,Free to Play,astragon Entertainment GmbH
2017,Simple Blue,Free To Play,Infinity Ward
2017,4th cluster,Free,Stainless Games
2017,4th cluster,Free To Play,Digital Train Model
2017,Zen Studios,Free To Play,Unbound Creations
2017,Microsoft Game Studios,Free,FullPowerSideAttack.com
2017,Autotelic Games LLC,Free To Play,Relic
2016,"Saber Interactive,Redemption Ark",Free to Play,SeithCG
2017,Quiet River,Free,Cobra Mobile
2017,4A Games,Free,Nawia Games
2017,G.rev Ltd.,Free,Colossal Order Ltd.
2017,Syu-Syu,Free,CleanWaterSoft
2017,Ithaqua Labs,Free,KorteGames
2017,G.rev Ltd.,Free,"NTT Plala Inc.,Roconilo Project"
2017,G.rev Ltd.,Free,BernhardP
2017,Dreamz Studio,Free To Play,"Playdek, Inc."
2016,DarkStar Games,Free,Frictional Games
2017,ALLM,Free,Craig Gibbs
2014,Arrowhead Game Studios,Free,DGform
2017,BunchOD00dz,Free,Insanity Games
2017,Oryzhon Studios,Free,Jon Sudbury Games
2017,"SmiteWorks USA, LLC",Free,"Monolith Productions, Inc.,Feral Interactive (Mac),Feral Interactive (Linux)"
2017,Talpel Games,Free To Play,Pixel Pi Games
2013,NGD Studios,Free,Nordcurrent
2017,Bruno MARTIOL,Free,Monolith Productions
2017,"Wicked Fun, Inc.",Free,"Relic Entertainment,Feral Interactive (Mac),Feral Interactive (Linux)"
2012,Ronimo Games,Free To Play,Superthumb
2017,"Dark Polygon Ltda.,Jalomot Ltda.",Free To Play,The Simutrans Team
2017,Jason Godbey,Free,Virtual Racing Industries Ltd.
2017,Kevin Nitschmann,Free,TORaIKI
2017,MercurySteam,Free To Play,Handelabra Games Inc.
2017,Hosted Games,Free To Play,S2 Games
2016,Random Thoughts Enterainment,Free,Ino-Co Plus
2017,"Maxwell Volz,David Zeiser",Free To Play,Kevin Paek
2017,"Valkyrie Entertainment, LLC",Free To Play,Freegamer
2017,Auroch Digital,Free,Dambuster Studios
2016,Paper Games,Free To Play,Evgeny Osmet
2017,"Entwell Co., Ltd.",Free to Play,Audials AG
2017,AMPLITUDE Studios,Free,Toposim
2017,Blue Booth Studios,Free,Jonni Hirst
2016,Obsidian Entertainment,Free,King Crow Studios
2017,chlsea,Free,Amanita Design
2017,Borokai Studio,Free,Arrowhead Game Studios
2017,"Stardock Entertainment,Oxide Games",Free,"SmiteWorks USA, LLC"
2017,"Grey Havens, LLC",Free To Play,"Obsidian Entertainment, Inc."
2017,Roger Barton,Free to Play,Dambuster Studios
2017,CleanWaterSoft,Free to Play,Interdimensional Games Inc
2017,"Pixel Constructor, LLC.",Free To Play,"KOEI TECMO GAMES CO., LTD."
2017,"WangJianWei,KuangXiang",Free,Awesome Games Studio
2017,DreamEscape,Free,TakeFlight Interactive
2017,FX Games,Free to Play,Toka Loka Games
2017,Coconut Shavers,Free To Play,Wild Shadow Studios
2017,Hannibal Stuff,Free,Colossal Order Ltd.
2017,Bad Seed,Free to Play,Cyanide Studios
2017,Codename Entertainment Inc.,Free to Play,Clewcat Games
2017,Frogdice,Free To Play,Rebellion
2017,"Acram Digital,Mobo Studio",Free,Team B.R.O.S.
2017,Byting Games,Free to Play,Tuomo Laine
2004,Ubisoft - San Francisco,Free To Play,Shindenken
1997,RosePortal Games,Free To Play,Capcom Game Studio Vancouver
2017,Tzar Leonardi,Free,VStep
2017,White Dog,Free To Play,AtomicTorch Studio
2017,Grey Gods,Free,29Palms Scenery Design
2017,GB Patch Games,Free To Play,"Team NINJA,KOEI TECMO GAMES CO., LTD."
2017,Llama Software,Free To Play,Ubisoft - San Francisco
2017,Cuirass Entertainment Ltd.,Free,Moonshot Games
2017,Optical Override,Free,Switchblade Monkeys Entertainment
2012,Dischan Media,Free,"Psyche Studios,Random Encounter"
2017,BYU Animation -  Class of 2017,Free To Play,Cascade Game Foundry SPC
2016,Capcom,Free To Play,"Silver Moon Internet,银月网络"
2015,LongYou Game,Free,Wizarbox
2017,Fast Fall Studios,Free,E McNeill
2017,Freejam,Free to Play,Sergey Shushunov
2014,"MAGIC Spell Studios,James Zolyak",Free To Play,Stainless Games
2013,Codex7,Free,Codemasters Birmingham
2017,Lost-Ride Studios,Free to Play,Andres Martin Jimenez
2017,Symphonic Square,Free,The Men Who Wear Many Hats
2017,一杯烟雨游戏工作室,Free To Play,Skyhook Games
2017,Cherrymochi,Free,Dovetail Games
2017,Ntroy LTD,Free To Play,DoubleDutch Games
2017,Nicolas Clarysse,Free To Play,Trapdoor Inc.
2007,Molosoft,Free,"Chasing Carrots,Schnack Music Manufacture"
2017,GexagonVR,Free,Rotatipyra
2017,Vile Monarch,Free,Kettel
2016,Eugen Systems,Free,Birdwall Games
2017,"Emerson Design, Inc.",Free To Play,MFAFB Games LLC
2017,Bitmap Bureau,Free,tso
2017,Quiet River,Free,Zero Point Software
2014,Clarus Victoria,Free to Play,Tortuga Team
2015,Ekuator Games,Free,Aggroblakh
2017,David Mulder,Free to Play,"Travellers Tales,TT Games"
2015,"Relic Entertainment,Feral Interactive (Mac),Feral Interactive (Linux)",Free to Play,David Capello
2017,GameOrchard Productions,Free To Play,Infamous Quests
2017,Michael Lampel,Free To Play,Subvert Games
2017,Valve,Free,Just1337 Studio
2017,NS STUDIO,Free,Freebird Games
2017,NS STUDIO,Free to Play,Polyslash
2017,Sunfleck Software,Free to Play,"Sonic Team,Hardlight"
2017,Artur Rezende,Free,Dead Drop Studios LLC
2017,Creobit,Free to Play,Rebellion
2017,NS STUDIO,Free,Capcom
2017,"SmiteWorks USA, LLC",Free,Most Wanted Entertainment
2017,Perfect Square Studios LLC,Free,"Escape Hatch Entertainment,LLC"
2012,Enlight Software Limited,Free To Play,"Crystal Dynamics,Feral Interactive (Mac),Feral Interactive (Linux)"
2017,Quiet River,Free,Zen Studios
2017,Hi-Rez Studios,Free To Play,"CAPCOM Co., Ltd."
2017,Andrii Vintsevych,Free,"Syrin Studios,Small Impact Games"
2017,"Atom Switch, Inc.",Free,Brightrock Games
2017,"Atom Switch, Inc.",Free,MOONSTONE
2017,"Atom Switch, Inc.",Free,Ubisoft - San Francisco
2017,InterAction studios,Free,Goblinz
2017,UnderMax Games,Free to Play,Star Maid Games
2017,CodeManu,Free,Leaning Tower Studio
2017,Behaviour Interactive Inc.,Free to Play,PlayWay S.A.
2017,Motiga Inc.,Free To Play,Tango Gameworks
2017,Naev Team,Free,ErayTek
2017,CakeEaterGames,Free To Play,"Zillion Whales,Creat Studios"
2015,Paradox Interactive,Free,Squid In A Box Ltd
2016,Disruptor Beam Inc.,Free To Play,Croteam
2017,Stolen Couch Games,Free,Yang Sun
2017,"SmiteWorks USA, LLC",Free,Magnolia Art
2017,FireFly Studios,Free,Doomster Entertainment
2006,Dovetail Games,Free to Play,Codex7
2017,Smartly Dressed Games,Free to Play,Winter Wolves
2017,William Cheek,Free,Days of Wonder
2017,qberty,Free to Play,SmashMouth Games Ltd
2017,Träumendes Mädchen,Free,YGGDRASIL STUDIO
2017,EVERYDAYiPLAY,Free To Play,Arcane Raise
2016,Titus Interactive,Free,Matrix Trains
2017,Vitor Pêgas,Free,"Elliptic Games,John Robert Matz"
2017,"Arttu Tuovinen,Alan Bourhis,Michael Callaghan",Free to Play,Leadwerks Software
2017,Sunside Inc,Free,Arc System Works
2015,"SmiteWorks USA, LLC",Free,InvertMouse
2017,Munchkin's Lair,Free To Play,Fishing Planet LLC
2017,Netease,Free To Play,Immersed Games
2012,Creobit,Free,"Sideline Amusements,Gonzo Games"
2017,Consala Games,Free To Play,Skinny Jean Death Studios
2017,Pavo Studio,Free,Llama Software
2017,Pavo Studio,Free,Orange_Juice
2017,"Binary Zoo,The Game Creators",Free to Play,Microids
2017,u&amp;i,Free,Polar Bunny Ltd
2016,Notus Games Ltd,Free,Valravn Games
2017,GSC Game World,Free,"hyperboreanGames,Svarog Studios"
2017,vextro,Free,N3V Games
2017,GSC Game World,Free,Rail Slave Games
2017,Kylotonn,Free to Play,Kylotonn
2017,Stitch Media,Free,Investigate North
2017,Project Atom,Free To Play,TiconBlu
2017,SP-time,Free,Gas Powered Games
2017,Divine Games,Free to Play,Trainwreck Games
2017,ObsessionSoft,Free,Realmforge Studios
2017,DeathMofuMofu,Free,Skyhook Games
2017,"Studio Wildcard,Instinct Games,Efecto Studios,Virtual Basement LLC",Free,Dovetail Games
2017,Gameloft,Free to Play,Dream Reactor
2017,Cassandra Clery,Free To Play,Moon Spider Studio
2017,"Jonas Kjellberg,Ilsanjo",Free,Panther Games
2017,"Rock Wall Games, LLC",Free,Vlad Cristian
2017,Youren,Free to Play,Thylacine Studios
2015,Kerberos Productions,Free to Play,Frank J Sudol
2017,Kukouri Mobile Entertainment,Free To Play,SeekSick6
2008,BlueLine Games,Free,Boogygames Studios
2017,Kiz Studios,Free to Play,Goblinz Studio
2016,Petroglyph,Free To Play,Daybreak Game Company
2017,Indiecode Games,Free,"Ubisoft Quebec, in collaboration with Ubisoft Annecy, Bucharest, Kiev, Montreal, Montpellier, Shanghai, Singapore, Sofia, Toronto studios"
2010,Archaic Entertainment,Free,Stainless Games
2017,Dire Wolf Digital,Free to Play,propeller
2017,Milestone S.r.l.,Free,Monolith Productions
2017,Emanon Studios,Free To Play,"SmiteWorks USA, LLC"
2017,Goblinz Studio,Free to Play,Stun Games
2017,Goldbar Games,Free To Play,David OReilly
2017,Goldbar Games,Free,Aqualuft Games
2017,"Act 3 Games, LLC",Free To Play,Ludosity
2017,The Ninth Art,Free To Play,Playrise Digital Ltd.
2017,"ARC SYSTEM WORKS Co., Ltd.,TOYBOX Inc.",Free,Atomic Pond Studios
2017,PoRovoz Studios,Free To Play,"Irrational Games,Aspyr (Mac),Virtual Programming (Linux)"
2017,Puuba,Free to Play,Ubisoft - San Francisco
2016,Stroboskop,Free,Dexion Games
2010,The Farm 51,Free To Play,Ubisoft - San Francisco
2016,Dovetail Games,Free,"Idea Factory,Compile Heart,Sting"
2017,Ludomotion,Free,URSE Games
2017,xrrawva,Free,TSS Studio
2017,Individual Software,Free,Media Art
2016,Light Bringer Games inc.,Free To Play,Ebullience Games
2016,"Oleg Sergeev,Andrey Rumak,Do My Best",Free to Play,FantaBlade Network
2017,electrolyte,Free,Laush Dmitriy Sergeevich
2017,"ARC SYSTEM WORKS Co., Ltd.,TOYBOX Inc.",Free,Arc System Works
2017,Denis Mikheikin,Free,Capcom
2017,Bethesda Game Studios,Free,Michael Flynn
2016,"Vanguard Games,343 Industries",Free,Mykhail Konokh
2014,Triangle Studios,Free,No Wand Studios
2017,Magic Pixel Kft.,Free,Game Scorpion Inc.
2017,BANDAI NAMCO Studios Inc.,Free,Stainless Games
2015,The Young Socratics,Free,Ubisoft Montreal
2012,"Upper One Games,E-Line Media",Free,INDIE PLAY
2017,StevenHarmonGames,Free,"PadLabs GmbH,Stairport Sceneries"
2017,Solid Patterns,Free To Play,"Dejobaan Games, LLC"
2017,"Synapse Games,Chinzilla",Free to Play,"刘俊亨(Junheng Liu),UNGamingOrg游戏组织玩家"
2017,Absorbed Studios,Free To Play,Telltale Games
2017,MyST,Free,"KOEI TECMO GAMES CO., LTD."
2017,Paradox Development Studio,Free,Bandit-1
2006,WEBZEN Inc.,Free to Play,Ubisoft - San Francisco
2015,Coronado Games,Free to Play,JustE AAN
2016,Saddletrip,Free To Play,Archive Entertainment
2017,Ludomotion,Free,"SmiteWorks USA, LLC"
2015,Itanimulli Games,Free,Fyn Games
2015,Rsupport Inc.,Free,"CFK Co., Ltd."
2016,"Capcom U.S.A., Inc.",Free to Play,Ubisoft - San Francisco
2017,"Shanghai JingCai Computer Software Development Co., Ltd",Free To Play,Fatshark
2017,Logic Artists,Free,weRplay
2017,Lightbulb Crew,Free To Play,Nabi Studios
2017,Sleepless Clinic,Free,4FreaksFiction
2017,Exozet,Free To Play,"CI Games,Deck 13"
2016,Dylan Fitterer,Free to Play,Comrades Inc.
2017,Nikita Kaf,Free,Pilgrim Adventures
2016,nullplussoftware,Free,WindThunder Studio
2017,EasyWays Team,Free,Fallen Tree Games Ltd
2017,"hyperboreanGames,Svarog Studios",Free,Reflect Studios
2017,"CINEMAX, s.r.o.",Free,N3V Games
2017,Riveted Games,Free To Play,DL Softworks
2014,Red Storm Entertainment,Free,teedoubleuGAMES
2017,Robot Entertainment,Free to Play,Crystal Dynamics
2017,Pragmatix Ltd,Free To Play,United Independent Entertainment GmbH
2017,Enigami,Free,RosePortal Games
2017,Fallen Snow Studios,Free To Play,Panoramik Inc
2017,marnamai,Free,Holyday Studios
2017,MoYi Technology,Free To Play,"Beamz Interactive, Inc."
2017,JMJ Interactive,Free,MumboJumbo
2017,UroboroStudio,Free,DXF Games
2017,5th Planet Games,Free To Play,弘原游戏
2016,Fermenter Games,Free To Play,Crunchy Games
2017,Capcom,Free To Play,Terapoly
2017,EvilCoGames,Free,Ubisoft - San Francisco
2016,SCS Software,Free,Fishcow Studio
2017,HexWar Games,Free,Sun Dogs
2012,Nikita Online,Free To Play,FS2Crew
2017,SkyRiver Studios,Free to Play,"Hopoo Games, LLC"
2017,Cloudhead Games ltd.,Free,Fair Games
2017,Dicesuki,Free To Play,Eugen Systems
2016,Ithaqua Labs,Free,"KOEI TECMO GAMES CO., LTD."
2017,Gaute Heggen,Free To Play,FeelThere
2017,nullo Games sp. z o.o.,Free To Play,Landauer Games
2017,"Rainbow Studios,THQ Nordic",Free,ISOTX
2017,Compulsion Games,Free,Leslaw Sliwko
2017,Chad Meffert,Free To Play,Cascade Game Foundry
2016,Horizon Studio,Free To Play,Musopia
2016,Capcom,Free,Paradox Development Studio
2017,Brave Rabbit Games,Free,Fastermind Games
2017,virtualRailroads,Free,Gogii Games
2017,Bethesda Game Studios,Free to Play,Digital Upthrust
2017,Boomzap Entertainment,Free,Joe Censored Games
2017,Ludomotion,Free,Capcom
2017,"SkywardRiver,Zetasis,BeNjO,Nikakosa,Rex",Free To Play,Good Games
2017,Inaccurate Interactive,Free,Realmforge Studios
2014,Ronimo Games,Free,Ubisoft Montreal
2017,"Castle Pixel, LLC.",Free,Ravinia
2017,Jutsu Games,Free To Play,Reventador Games
2015,The Men Who Wear Many Hats,Free To Play,Enlight Software Limited
2017,Robot Riot UG (haftungsbeschränkt),Free To Play,Haemimont Games
2000,One-bit Punch,Free,Teletower Studios
2017,"KOEI TECMO GAMES CO., LTD.",Free to Play,Musopia
2017,"KOEI TECMO GAMES CO., LTD.",Free to Play,Pixelbark Games
2014,Ronimo Games,Free To Play,N3V Games
2017,Colossal Order Ltd.,Free,Virtavia
2013,Ubisoft - San Francisco,Free to Play,Lesta Studio
2017,Quiet River,Free,Skyhook Games
2016,RSK Entertainment,Free,Ubisoft - San Francisco
2015,Roope Tamminen,Free To Play,Onipunks Studio Inc.
2016,rebel rabbit,Free To Play,"SmiteWorks USA, LLC"
2017,Alan Edwardes,Free,Ubisoft - San Francisco
2017,Wisefool Studio,Free,Broken Rules
2017,Flying Wild Hog,Free,Okugi Studio
2017,Spellbook,Free To Play,Ubisoft - San Francisco
2014,Skatanic Studios,Free,Shaman Games Studio
2017,"SmiteWorks USA, LLC",Free to Play,Sometimes You
2017,Subvert Games,Free,Boogygames Studios
2016,On The Level Game Studios,Free,Trion Worlds
2017,Deathink,Free To Play,Nickervision Studios
2017,"Gearbox Software,Aspyr (Mac &amp; Linux)",Free To Play,Dovetail Games
2017,Class of 2015-2016,Free,Love Conquers All Games
2016,"Gunfire Games,Vigil Games,THQ Nordic",Free to Play,Ryan Carlos
2017,Osky Studios,Free To Play,Ubisoft - San Francisco
2017,Fatshark,Free to Play,Spasman Games
2017,Abrakam SA,Free to Play,Big Fish Studios
2017,"KOEI TECMO GAMES CO., LTD.",Free to Play,VI Games LLC
2017,"KOEI TECMO GAMES CO., LTD.",Free to Play,Gaming Minds
2017,AlternativaPlatform,Free To Play,"Big Huge Games,38 Studios"
2017,AMPLITUDE Studios,Free,Funcom
2017,Campus ADN 2015-2016,Free To Play,WildLabs
2017,Anton Riot,Free,devFluid
2015,Hanaji Games,Free,Spry Fox LLC
2017,Ben 'Yahtzee' Croshaw,Free,GB Patch Games
2017,WONDERFUL LASERS,Free To Play,JDB Artist
2017,StormBrewers,Free,"Psychic Software,Goblin Portal"
2017,Ebullience Games,Free To Play,Progorion
2017,Playsport Games,Free,Millenium Project Enterprises
2017,Silden,Free,Headfirst Productions
2017,Corradi Games,Free To Play,Visual Concepts
2017,Dmitry Medvedev,Free,Blackfire Games
1999,Throwback Entertainment,Free,Devil's Details
2017,Petroglyph,Free to Play,Yang Sun
2017,BetaShark LLC,Free,Ageod
2017,Zetsubou,Free to Play,Artefacts Studio
2017,@YearOfTheBob,Free,Ubisoft - San Francisco
2017,JoongWon Games,Free To Play,HIPIX
2017,Sparkypants Studios LLC,Free to Play,Strategy First
2015,Panther Games,Free,"Bat Country Games, LLC"
2017,Milestone S.r.l.,Free,Cardboard Utopia
2017,GameTop.com,Free To Play,CrioLand
2009,Brucefilm,Free To Play,Semen Rodin
2017,BANDAI NAMCO Studios Inc.,Free,Magic and Mirrors
2017,Paradox Development Studio,Free,Smoodlez
2017,Pixeljam,Free To Play,Screwy Lightbulb
2017,Kyy Games,Free To Play,Bryan Gale
2015,Team8 Studio,Free,Payoff Technologies
2016,Stefan Preuss,Free,Temple Gates Games
2017,Pentagrammical Justice,Free,Paradox Interactive
2017,Eastshade Studios LLC,Free,Oryon Entertainment
2017,"AN Productions,Poxpower",Free To Play,"KOEI TECMO GAMES CO., LTD."
2017,Woodsy Studio,Free To Play,Microblast Games
2017,Bethesda Game Studios,Free,"Idea Factory,Compile Heart,Sting"
2015,Free Time Farmers,Free to Play,Ubisoft - San Francisco
2017,ebi-hime,Free To Play,Invoker Studios
2017,Holyday Studios,Free To Play,Studio TeamShuriken
2017,GamestormVR,Free,Audials AG
2013,"KOEI TECMO GAMES CO., LTD.",Free To Play,Vertical Skull Games
2017,TeamTop Games,Free To Play,"hyperboreanGames,Svarog Studios"
2017,BlackSpot Entertainment,Free To Play,Tequila Works SL
2017,BANDAI NAMCO Studios Inc.,Free,Andy Jurko
2017,Quiet River,Free,Heart Machine
2017,"Quicksilver Software, Inc.",Free,Vladimir Alekseev
2017,"Tyler Rogers,David Colson",Free,Upper Byte Studio
2017,Rebelephant,Free To Play,One Dave Software
2017,Pixeltales.ru,Free to Play,Garage 227
2017,Ran,Free To Play,Ubisoft - San Francisco
2017,Oryzhon Studios,Free,STREETCAT STUDIO
2017,Outerlight Ltd.,Free,"Mighty Rabbit Studios,Relevant Games"
2017,Ubisoft Entertainment,Free to Play,Ubisoft - San Francisco
2017,Manic Mind Game Lab,Free To Play,Saibot Studios
2016,"storyk21674,STILILA,貓蛋",Free To Play,TML-Studios
2014,dlan,Free,Darren N Lory
2016,Brzezinski,Free,Black Lime Studio
2017,Double Coconut,Free To Play,Ubisoft - San Francisco
2015,ION LANDS,Free,Fishing Planet LLC
2017,SAGENCY,Free To Play,Woodsy Studio
2016,Funatics Software,Free,Icarus Development Team
2017,Gameloft,Free To Play,Vulgat
2017,White Sparkle Games,Free To Play,Vile Monarch
2016,DL Softworks,Free,Liam Davis
2016,David Cross,Free,Siactro
2016,"Visual Wordplay,Godline",Free To Play,Behaviour Interactive
2011,Positech Games,Free To Play,"Gunfire Games,Vigil Games,THQ Nordic"
2016,HoCWar,Free,Duion
2016,LEVER Software,Free To Play,Kurechii
2016,"Media Impact Co.,Ltd",Free,Exato Games Studio
2014,Dovetail Games,Free To Play,Daedalic Entertainment
2016,"Fabio Ferrara,Fabio Mosca,Giulia Airoldi",Free,JB
2016,GameTop.com,Free,Overhead Games
2016,Puuba,Free To Play,Positech Games
2017,Pulsetense Games,Free,Bohemia Interactive
2016,Fabio Ferrara,Free,Ronimo Games
2017,Erik Asmussen,Free to Play,"FarSight Studios, Inc."
2016,Deca Games OU,Free,Trendy Entertainment
2016,Zoink Games,Free to Play,Ubisoft - San Francisco
2016,Stegalosaurus Game Development,Free,GRAOUMF
2016,Easy Game Station,Free To Play,"SmiteWorks USA, LLC"
2015,Carbine Studios,Free,Ronimo Games
2016,Artogon,Free To Play,"SmiteWorks USA, LLC"
2016,Lince Works,Free,Spacelight Studio
2016,Mango Protocol,Free,Tindalos Interactive
2016,Goldhawk Interactive,Free To Play,Felix Wunderlich
2016,"CAPCOM Co., Ltd.",Free,Green Sauce Games
2017,Io-Interactive A/S,Free,"Monolith Productions, Inc."
2013,Yah_Shi,Free to Play,"Just1337 Studio,Crohack"
2016,NIMONIX,Free to Play,Triverske
2016,DL Softworks,Free,Vexed Enigma
2016,Fox Dawn,Free To Play,United Front Games
2016,Tuwi Michael nullnings,Free To Play,FarSight Studios
2016,Monster Games,Free,Ubisoft - San Francisco
2016,Monster Games,Free,Arcane Raise
2016,Biodrone Studios,Free To Play,Blue Byte
2016,Pewter Games Studios,Free,"CAVE Interactive CO.,LTD."
2016,Watercress Studios,Free To Play,Aesir Interactive
2017,Boomzap Entertainment,Free To Play,baKno Games
2013,"Far East War Development Team,Relic",Free,WorldWideSoftware
2016,Pipeworks Studio,Free to Play,ISOTX
2016,Viking Tao,Free To Play,"Arcen Games, LLC"
2016,"Mario von Rickenbach,Etter Studio,Tale of Tales,Cardboard Computer,Pol Clarissou,Katie Rose Pipkin,Santa Ragione",Free,ProjectorGames
2016,Marsbound,Free,"Bit Planet Games, LLC"
2016,"Creative Assembly,Feral Interactive (Linux),Feral Interactive (Mac)",Free,Lighthouse Games Studio
2016,"Creative Assembly,Feral Interactive (Linux),Feral Interactive (Mac)",Free,"SmiteWorks USA, LLC"
2016,Koya Game,Free,Ubisoft - San Francisco
2014,Retro Army Limited,Free,Legalase studio
2016,FantaBlade Network,Free,Alice &amp; Smith
2016,Buka Game Studio,Free to Play,Tomorrow Corporation
2016,Léo-Games,Free To Play,Erotes studio
2016,astragon Entertainment GmbH,Free,4 Door Lemon
1997,Imagitech,Free,VIS - Visual Imagination Software
2016,A. Hagen,Free,Gone North Games
2016,Lord_Loej,Free To Play,Easy Co
2016,ComonGames,Free,Matt Dabrowski
2015,Telltale Games,Free To Play,Mouseless Media
2016,Playsport Games,Free to Play,Avalanche Studios
2016,Woolf,Free,Milestone S.r.l.
2016,MindArk PE AB,Free To Play,Haemimont Games
2016,SOFTON ENTERTAINMENT,Free To Play,Digital Media Workshop
2014,studio wasp,Free To Play,ComiPo! LLP
2016,Intropy Games,Free,keyreal
2016,ICE Entertainment,Free,Manic Mind Game Lab
2016,Digitalmindsoft,Free to Play,Team17 Digital Ltd
2016,nDreams,Free,Ronimo Games
2016,nDreams,Free,Gaijin Entertainment
2007,bu2 sutdio,Free,Alientrap
2016,Xemory LLC,Free to Play,Tuque Games
2016,吃了就睡工作室,Free To Play,Home Net Games
2016,D.C.S,Free To Play,"Team NINJA,KOEI TECMO GAMES CO., LTD."
2016,DL Softworks,Free,"Capcom Game Studio Vancouver, Inc."
2016,DiP Online,Free To Play,"SmiteWorks USA, LLC"
2016,Ankama Studio,Free,Curse Box Studios
2016,Ultima Games,Free,"Pyramid,Chara-Ani,G.rev Ltd."
2016,KorteGames,Free,Nik Nak Studios
2008,"Glitchless, LLC",Free To Play,Bionic Pony
2016,ICE Entertainment,Free,Ubisoft - San Francisco
2016,Eren Aydın,Free to Play,"Henri Osbourne,Giovanna Lopes"
2016,Synapse Games,Free To Play,Flix Interactive
2016,Creobit,Free To Play,Stegalosaurus Game Development
2016,SkyReacher Entertainment,Free To Play,"Capcom U.S.A., Inc."
2016,"galanti,Den-fami Nico Game Magazine",Free,Haemimont Games
2016,Warm Lamp Games,Free,WySix
2016,FYRE Games,Free To Play,Paul Cuisset
2016,L. Stotch,Free To Play,Airship Syndicate
2016,"Free Games Info,hyperboreanGames",Free,Born in 1978
2016,IObit,Free,Lux Caput (Andrey M)
2014,Dio Alias Games,Free To Play,"SmiteWorks USA, LLC"
2016,Wadjet Eye Games,Free,Overhead Games
2014,Humongous Entertainment,Free To Play,Baroque Decay
2016,Magic Dungeon Studio,Free To Play,Ubisoft - San Francisco
2016,"Move Games Co., Ltd.",Free To Play,YGGDRASIL STUDIO
2017,"Potassium Frog Limited,Automata Source",Free to Play,Volition
2016,Ubisoft - San Francisco,Free,Rob Howland
2016,Volition,Free,HJO Creations
2016,VIS - Visual Imagination Software,Free To Play,"IDEA FACTORY,COMPILE HEART"
2014,"Rohan Narang,Ratalaika Games S.L.",Free,40Ggames
2016,"Cygames, Inc.",Free To Play,Io-Interactive A/S
2016,Iron Helmet Games,Free To Play,上海烛龙信息科技有限公司
2016,N.R. Burnette,Free,JoyBits Ltd.
2016,Rodrigo Banzato,Free To Play,Choice of Games
2016,Oscar Celestini,Free,Ubisoft - San Francisco
2016,StevenHarmonGames,Free,"SmiteWorks USA, LLC"
2016,AMS Game Development Association,Free,DeXP
2016,"Creative Assembly,Feral Interactive (Linux),Feral Interactive (Mac)",Free,Fabio Ferrara
2012,Noble Empire Corp.,Free To Play,Holotech Studios
2012,Bulkhead Studios Corporation,Free To Play,8th Floor Games
2015,Cosmo D,Free,Dev9k
2016,Apus Software,Free To Play,Ian Campbell
2017,khos85,Free To Play,Mysteria Studio
2016,"Creative Assembly,Feral Interactive (Linux),Feral Interactive (Mac)",Free,Sports Interactive
2016,"Artix Entertainment, LLC",Free To Play,"KOEI TECMO GAMES CO., LTD."
2016,Monster Games,Free,Treetop Crew
2016,Monster Games,Free,Dovetail Games
2016,"Kastriot Sulejmani,Brayden Myers",Free To Play,EfrenStudios
2016,Sad Panda Studios,Free to Play,Red Thread Games
2016,"SmiteWorks USA, LLC",Free,Flying Rain
2016,Vaclav Hudec,Free,dev4play
2016,Fatshark,Free to Play,Choice of Games
2016,Insanity Games,Free,"Brokenkites,IzHard"
2016,Silver Legends,Free To Play,TAMSOFT
2016,Slitherine Ltd.,Free,"Rainbow Studios,THQ Nordic"
2017,Capcom,Free To Play,King Crow Studios
2017,Insignio Labs,Free To Play,Mystic Box
2016,Paradox Development Studio,Free,Nicolas Bernard
2016,Springloaded,Free To Play,Koreez
2016,Jorge Giner Cordero,Free,NeuralSoft
2016,Saibot Studios,Free To Play,TERC
2016,Saibot Studios,Free,Devil's Details
2016,Trion Worlds,Free to Play,Odnako Games
2016,The Sun Will Rise Team,Free,"Visual Concepts,Yuke's Co., LTD"
2016,"Elcaelum,CGA Studio",Free To Play,"SmiteWorks USA, LLC"
2016,Brad Moore,Free To Play,"SmiteWorks USA, LLC"
2013,Helmet Games,Free To Play,The Chinese Room
2016,SIM720 LIMITED,Free,Monkey Stories
2016,Fork Particle Games,Free To Play,weltenbauer. Software Entwicklung GmbH
2016,The Game Creators,Free,Freekstorm
2016,Silk Games,Free,Team Jolly Roger
2016,Cascade Game Foundry,Free To Play,"Bit Planet Games, LLC"
2016,Rabbiton,Free To Play,Striped Rocket
2016,N3V Games,Free To Play,Magic Pixel Kft.
2016,Musopia,Free,iosoftware
2016,Musopia,Free,Atelier Melon-Kissa
2016,Shadow Tor Studios,Free To Play,Totally Games
2016,Saibot Studios,Free,Pipeworks Studio
2016,Saibot Studios,Free,City Interactive
2016,Saibot Studios,Free,Chano H. Hansen
2016,Felip Guimerà,Free,Wastelands Interactive
2017,Ubisoft Montreal,Free,Alice &amp; Smith
2016,JoqLePecheur,Free,Sillysoft Games
2016,Good Games,Free To Play,Team Chesster
2016,Electronic Experience,Free To Play,FeelThere
2016,YETU GAME,Free,MovingBlocks
2016,Soccer Manager Ltd,Free to Play,Codeglue
2014,Warlock Wireless,Free To Play,ChairKilling
2016,Ryan up in here,Free To Play,"Epic Games, Inc."
2016,Battenberg Software,Free,Fourfold Games
2016,CodeManu,Free,"MWC,David J. Franco"
2016,Envision Entertainment,Free To Play,Green Dinosaur Games
2015,Drago Entertainment,Free to Play,Red Nexus Games Inc.
2016,Monster Games,Free To Play,Michel Barengo
2016,Monster Games,Free To Play,FIVE-BN GAMES
2016,Lemuria,Free To Play,Paradox Development Studio
2014,Fireglow,Free,Lab Zero Games
2016,Reakktor Studios,Free,Ronimo Games
2016,Alina Digital,Free,"Idea Factory,Compile Heart"
2017,Dexion Games,Free,Crynosaurs
2016,DL Softworks,Free To Play,Idea Factory
2016,"ZiMAD, Inc.",Free to Play,"SmiteWorks USA, LLC"
2016,Sceelix,Free to Play,Jonathan Öhrström
2016,Prospect Games,Free,Unika Games
2014,Myshkin Entertainment,Free,"Codemasters Racing,Feral Interactive (Mac)"
2016,Fletcher's Games,Free To Play,Ubisoft - San Francisco
2016,Phyrnna,Free,Crystal Dynamics
2016,Worthing and Moncrieff,Free To Play,Team Frizz
2010,Matt Roszak,Free to Play,"SmiteWorks USA, LLC"
2017,The Revills Games,Free,"SmiteWorks USA, LLC"
2016,"Massive Damage, Inc.",Free To Play,"Flashback Games,The Lordz Games Studio"
2015,Ubisoft - San Francisco,Free,RoboDev
2016,"MAGIC Spell Studios,James Zolyak",Free,Dovetail Games
2016,"BABY DUKA,BD Games",Free,Drizzly Bear
2015,batensan,Free To Play,Kingdom Games
2016,Utopia Dream Entertainment Alliance (Pty) Ltd - South Africa,Free To Play,The Farm 51
2016,Tuque Games,Free,Clever Endeavour Games
2016,Anvate Games,Free,"SmiteWorks USA, LLC"
2016,Eutechnyx,Free,XiNFiNiTY Games
2016,Tamationgames,Free To Play,Ubisoft - San Francisco
2015,Delmunsoft,Free,OnFire Games
2016,Musopia,Free,Elecorn
2016,Jon Gallant,Free,Second Order
2016,Home Net Games,Free To Play,Acquire
2015,Double Coconut,Free To Play,Scoria Studios
2016,Counterplay Games Inc.,Free To Play,Craig Daversa
2015,Virtualdesign3d.com,Free,Solved
2016,Creobit,Free To Play,777 Studios
2016,Clockwork Pixels,Free,Netcore Games
2012,"Amidos,Big O,Bauer",Free To Play,"SmiteWorks USA, LLC"
2012,"Amidos,Big O",Free To Play,Test3 Projects
2017,Musopia,Free,"Arcen Games, LLC"
2016,7 Road,Free To Play,"KOEI TECMO GAMES CO., LTD."
2016,WINGED SAKURA GAMES,Free,Reality Pump
2016,Neople,Free To Play,ROCKFISH Games
2016,Dovetail Games,Free,Katauri
2016,FX Games Media,Free To Play,Elven Workshop
2016,"ACSourse,Gamieon, Inc.",Free,Vivid Games
2016,Wakagana,Free To Play,DotEmu
2015,neko.works,Free To Play,Team Kryll
2016,Milestone S.r.l.,Free,Ubisoft - San Francisco
2016,tamationgames,Free To Play,Herbi Games
2016,WeirdBeard,Free,NorbSoftDev
2016,Musopia,Free,Twistplay
2016,Playsaurus,Free To Play,Battenberg Software
2014,Atapki,Free,"Arttu Tuovinen,Alan Bourhis,Michael Callaghan"
2016,Iron 27,Free To Play,"Traveller's Tales,TT Games"
2016,Blind Sky Studios,Free,Moonbyte
2016,Frontier Developments,Free,Digitalmindsoft
2016,Nozon,Free To Play,Treyarch
2016,Alien Pixel Studios,Free To Play,qberty
2016,"Studio Wildcard,Instinct Games,Efecto Studios,Virtual Basement LLC",Free,Dovetail Games
2016,Stanton DJ,Free,Musopia
2016,BattleGoat Studios,Free,Zootfly
2016,"Sami Maaranen (creator),Erkka Lehmus (co-designer)",Free,ARTDINK
2016,Endless Loop Studios,Free,Bmc Studio
2016,Stone Blade Entertainment,Free to Play,KING Art
2016,Bean Boy Games,Free To Play,Klei Entertainment
2016,Zakos Games,Free To Play,Ronimo Games
2016,Amanita Design,Free,Jonathan Öhrström
2015,Rainbow Games,Free To Play,Ubisoft - San Francisco
2016,Game Swing,Free,Dovetail Games
2016,The Simutrans Team,Free,Dragom
2016,Starodymov,Free,Blue Label Studio
2016,Imigea Ltd,Free to Play,"KOEI TECMO GAMES CO., LTD."
2016,Dragom,Free,Ubisoft - San Francisco
2016,ESEA,Free to Play,3 Fright
2016,Maxime Vézina,Free To Play,DICE
2016,Ionut Lucian Achiricioaei,Free To Play,Secret Exit Ltd.
2016,WeMade,Free to Play,ChessBase
2016,Bandit-1,Free,"Crystal Dynamics,Feral Interactive (Mac),Feral Interactive (Linux)"
2016,Playata GmbH,Free To Play,NetoX
2014,Ubisoft - San Francisco,Free To Play,Trendy Entertainment
2014,Krome Studios,Free,"FarSight Studios, Inc."
2017,Camouflaj,Free,EHTechnology
2016,Capcom,Free,Beldarak Games
2016,Jon Sudbury Games,Free To Play,Windward_Birds
2016,"Christian Piano,Wrytex",Free,Soul Catapult
2016,Antonio Renna,Free to Play,CharlieH
2016,"MPR ART Hallucinations,Roger Levy",Free,CAT IN JAR GAMES
2017,Marvelous Inc.,Free To Play,Oscar Brittain
2016,"Shokunin,Thomas M. Visser,Vincent Thiele",Free to Play,Artogon
2010,Wulo Games,Free To Play,Ninja Chip Studios
2016,Neoclassic Games,Free,Faton
2016,"Seth O'Dale,Zeph McKinnon",Free to Play,Carmine T. Guida
2016,FIVE-BN GAMES,Free to Play,Shaman Games Studio
2016,Anton Gerdelan,Free,roseVeRte
2016,Black Pants Studio,Free,Oneshark
2014,Carbine Studios,Free to Play,"Traveller's Tales,TT Games,Feral Interactive (Mac)"
2016,Pixel Federation,Free to Play,WeMade
2017,Robert Alvarez,Free,Warfare Studios
2016,Stegalosaurus Game Development,Free,"Gaslamp Games, Inc."
2016,SecureMix LLC,Free To Play,Wastelands Interactive
2016,PlayFlock,Free to Play,Steve Gabry
2016,Alex Williams,Free to Play,"Rageborn Studio, LLC"
2016,SCS Software,Free to Play,Ubisoft - San Francisco
2016,SGS Team,Free,"Desert Owl Games, LLC"
2016,André Bertaglia,Free,Little World Studio
2016,Fantasy Flight Games,Free,Ertal Games
2016,Novel Tea Games,Free,"Psyonix, Inc."
2016,Vertigo Games America,Free To Play,MercurySteam
2016,The Simutrans Team,Free,Tate Multimedia
2012,Robert Alvarez,Free,Peter Whalen
2016,HellconX© Studio's,Free,Ubisoft - San Francisco
2016,"Viswanath Atlu,Laurie Banks,Rohan Bhukan,Nick Burnham,Avinash Kalapala,Yash Kapani,Katharine Marsh,Ankur Rathore,Hardit Singh,Anoop Nihar Srinivas,Ryan Guanyuhao Jiang,Robert Zhu",Free,a REGULAR GAMER
2016,"Valve,KADOKAWA",Free to Play,KFriske Studios
2016,"Manuel Pazos,Daniel Celemín",Free,"KOEI TECMO GAMES CO., LTD."
2016,The Simutrans Team,Free,Owlchemy Labs
2016,Reentry Games,Free to Play,D-Pad Studio
2016,The Simutrans Team,Free,Nicolas Bernard
2016,The Simutrans Team,Free,Firaxis Games
2016,The Simutrans Team,Free,"SmiteWorks USA, LLC"
2016,Jagex,Free to Play,Last Day of Work
2016,"Vex Studios, LLC",Free,Phil Fortier
2016,Flyleap Studios,Free To Play,Oxeye Game Studio
2016,Mythyn Interactive,Free to Play,Excalibur
2016,FlyAnvil,Free,"SmiteWorks USA, LLC"
2016,"Manuel Pazos,Daniel Celemín",Free,Eutechnyx
2017,Blue Booth Studios,Free To Play,OBLONE Software
2017,Stout Games,Free,Tomadeira
2016,Cold Tea Studio,Free to Play,Moon Studios GmbH
2016,Winch Gate Property Limited,Free to Play,Ubisoft - San Francisco
2016,Panoramik Inc,Free To Play,Anatoliy Loginovskikh
2016,treeform,Free,"bluebox interactive,RoJarl Entertainment"
2016,Pinterac,Free To Play,SVGames
2016,Freakinware Studios,Free To Play,"Potassium Frog Limited,Automata Source"
2016,Nozon,Free,Electronic Paradise
2016,Ze_PilOt,Free,Brushfire Games
2015,"Akella,.dat",Free to Play,ACQUIRE Corp.
2016,Ze_PilOt,Free,Afterthought Studios
2016,Puppygames,Free to Play,Milestone S.r.l.
2016,Bossa Studios,Free to Play,Abbey Games
2016,Rainbow Goats Studio,Free,8monkey Labs
2017,Jl Apps,Free,lolznoob
2016,Kokua Games,Free,Dovetail Games
2016,Desert Owl Games LLC,Free to Play,"World Entertainment Studios, LLC,McLeodGaming Inc."
2016,Ninja Kiwi,Free to Play,Tomb Team
2016,Red Nettle Studio,Free,Sean Han Tani
2016,Team Gotham,Free,Prologue Games
2016,Eforb,Free to Play,Tasharen Entertainment Inc.
2016,Tomorrow Arts,Free to Play,"Royal9Games,RoyalJL"
2016,Silicon Jelly,Free to Play,ARTDINK
2016,Rotten Mage,Free to Play,Dan Fornace
2012,"SmiteWorks USA, LLC",Free,North of Earth
2016,Alexey Glinskiy,Free to Play,"Milan Kazarka,Jeroen van Oosten"
2016,Noble Master LLC,Free to Play,NSE Circuit
2016,Dark Vale Games,Free,Gosatsu Visual Novels
2017,MumboJumbo,Free,Weird and Wry
2017,"Team NINJA,KOEI TECMO GAMES CO., LTD.",Free,Harebrained Schemes
2014,MercurySteam,Free,Fiveamp
2016,Firaxis Games,Free,"Warrior General Games, LLC"
2017,"Mikeypoo's Games,David Szymanski",Free,Liz-Arts
2013,United Front Games,Free,Teknopants
2016,For All To Play,Free to Play,Fun Infused Games
2014,Senshi.Labs,Free to Play,"Flashback Games,The Lordz Games Studio"
2016,Theory Georgiou,Free to Play,Green Sauce Games
2016,CivilSavages,Free to Play,"SmiteWorks USA, LLC"
2016,BitCake Studio,Free to Play,Mia Blais-Côté
2016,SmoleVN,Free to Play,Andrew Morrish
2016,"Tripwire Interactive,Kernow Interactive",Free,AbsQual Studio
2016,Mirinae,Free to Play,Rebellion
2016,NukGames,Free,Unknown Worlds Entertainment
2016,Sir Bedlam Productions,Free to Play,Sumo Digital
2016,FIVE-BN GAMES,Free to Play,Jake Tucker
2016,Nolo,Free,inVantage Technologies
2016,Holotech Studios,Free,Bluehole Ginno Games
2016,Fatshark,Free,"FarSight Studios, Inc."
2016,Fly System,Free,FeelThere
2016,Red Nettle Studio,Free to Play,YouzuStar
2016,"Allegorithmic,The Foundry",Free to Play,Torus Games
2016,Inulle Games,Free to Play,Codemasters Birmingham
2016,Wholetone Games,Free to Play,Dark Energy Digital Ltd.
2016,vikingfabian.com,Free to Play,Size Five Games
2016,Godot Engine,Free to Play,Nihon Falcom
2016,"OrangeGames,YoudaGames",Free to Play,Overhead Games
2016,Vae Victis Games,Free to Play,ACE MADDOX
2016,Aeon Dream Studios,Free to Play,Haemimont Games
2016,"Just Add Water (Developments), Ltd.",Free,Virtual Racing Industries Ltd.
2016,Playcoo,Free to Play,Dovetail Games
2016,Mail.ru Games,Free to Play,Tragnarion Studios
2016,SnoutUp,Free,BitterSweet Entertainment Inc.
2016,FIVE-BN GAMES,Free to Play,TheBlavas
2016,Netmarble Games,Free to Play,Striped Rocket
2016,Basaltic studio,Free,InvertMouse
2015,Dark Day Interactive,Free to Play,MetalBear
2016,Scarlet String Studios,Free to Play,Wastelands Interactive
2015,"Wicked Fun, Inc.",Free to Play,4-Panel Footprint
2015,Cybertime System,Free to Play,Dennaton Games
2016,DeXP,Free,Musopia
2014,"Ludosity,Remar Games",Free to Play,Ubisoft - San Francisco
2015,"2Chance Projects,IIchan Eroge Team",Free to Play,Little Big MMO
2015,Shadebob Games,Free to Play,"Nikita ""Ghost_RUS"""
2015,"Rocketeer Games Studio, LLC",Free to Play,Musopia
2010,Gravity Interactive,Free to Play,Tero Lunkka
2015,webgames,Free to Play,The Tiniest Shark
2015,Futuremark,Free to Play,"高考恋爱委员会,橘子班"
2015,Futuremark,Free to Play,Carlsen Games
2015,Futuremark,Free to Play,Snowhound Games
2015,Futuremark,Free to Play,Hybriona Labs
2015,Futuremark,Free to Play,Sierra On-Line
2017,Light Vision Interactive,Free to Play,YGGDRASIL STUDIO
2015,KIXEYE,Free to Play,Fabrice BIZEC
2015,Queen Birdface Productions,Free,Frictional Games
2015,GDT Limited,Free to Play,RedZone Studios LLC
2015,Bluehole Ginno Games,Free to Play,Aeon Dream Studios
2015,Quality Simulations,Free to Play,4gency
2015,Quality Simulations,Free to Play,Ronimo Games
2015,Quality Simulations,Free to Play,Sungazer Software
2015,Quality Simulations,Free to Play,Certain Affinity™
2015,Quality Simulations,Free,Colossal Order Ltd.
2015,Team17 Digital Ltd,Free to Play,Airtight Games
2015,Alientrap,Free to Play,Moment Studio
2015,Royal Troupe,Free,Tarsier Studios
2015,Cherry Pop Games,Free to Play,Technomancy Studios
2015,Strange Loop Games,Free to Play,BUGBEAR
2015,Crows Crows Crows,Free to Play,34BigThings srl
2015,Retrocade.net,Free,Ubisoft - San Francisco
2015,Fatshark,Free to Play,Studio Bean
2015,weltenbauer. Software Entwicklung GmbH,Free to Play,tjern
2015,NIKITA ONLINE,Free to Play,MyST
2015,Robot Loves Kitty,Free to Play,Nomad Games
2015,Eyzi,Free to Play,Technomancy Studios
2015,Gaming Cats Studio,Free to Play,Mi'pu'mi Games GmbH
2015,Blue Byte,Free to Play,HyperKat Games
2015,AMPLITUDE Studios,Free,Jagex Limited
2015,Kyle Seeley,Free to Play,Mauro Vos
2015,"Ubisoft Quebec, in collaboration with Ubisoft Annecy, Bucharest, Kiev, Montreal, Montpellier, Shanghai, Singapore, Sofia, Toronto studios",Free to Play,Rail Slave Games
2015,"Ubisoft Quebec, in collaboration with Ubisoft Annecy, Bucharest, Kiev, Montreal, Montpellier, Shanghai, Singapore, Sofia, Toronto studios",Free to Play,Jarhead Games
2015,Crytek,Free,Cogent Education
2015,Endless Loop Studios,Free to Play,Eclipse Games
2015,Nooskewl,Free,Handelabra Games Inc.
2015,Light Vision Interactive,Free to Play,"Luetso, LLC"
2015,ICE Entertainment,Free to Play,Puuba
2015,Zepetto Co.,Free to Play,Drop_Dead_Fred (Фред)
2015,Shumkov Dmitriy,Free to Play,"2K Marin,2K China,Digital Extremes,2K Australia,Blind Squirrel"
2015,Unwonted Studios,Free to Play,GB Patch Games
2015,Overhead Games,Free to Play,"M2H,Blackmill Games"
2015,Landfall,Free,Daisy Maze Games
2015,Petroglyph,Free to Play,Spicy Horse Games
2015,Studio Pixel,Free to Play,"KOEI TECMO GAMES CO., LTD."
2015,Gigatross Games,Free to Play,Musopia
2015,Focus Home Interactive,Free,Sos
2015,Luminy Studios,Free to Play,Skinny Jean Death Studios
2015,"Zykov Eddy,Xitilon",Free to Play,Stefan Preuss
2015,IObit,Free,Team Kryll
2015,Section Studios,Free,Introversion Software
2015,高考恋爱委员会,Free to Play,Not Magic
2015,"LRDGames, Inc.",Free to Play,Paulo A. M. Villalva
2015,Codename Entertainment Inc.,Free to Play,Forceight
2015,Ion Storm,Free,Concrete Games
2015,"Sebastian Krzyszkowiak,Konrad Burandt,Paweł Radej",Free to Play,Psydra Games LLC
2015,Soccer Manager Ltd,Free to Play,"Jonas De Carvalho Felinto,Marcelo Eduardo Cabral"
2015,Fervent,Free to Play,N-Fusion Interactive
2015,Forbes Consult Ltd,Free to Play,"SmiteWorks USA, LLC"
2015,"AlPixel Games,Luis Diaz,Gustavo Santos,Albert Fernulldez,Tice Thomason",Free to Play,Ultima Games
2015,Rising Sun Interactive,Free,"Zimventures, LLC"
2015,Team Eleven Eleven,Free to Play,MightyCodeDragon
2015,CAT IN JAR GAMES,Free to Play,Powerhoof
2015,BlueLine Games,Free to Play,No Bull Intentions
2015,SuperVillain Studios,Free to Play,Fun Infused Games
2014,Ubisoft - San Francisco,Free to Play,T4 Interactive
2015,Eforb,Free to Play,Shadow Blade Productions
2015,Underdog Games,Free to Play,"Haemimont Games,Feral Interactive (Mac)"
2015,"gord10,Aslan Game Studio",Free to Play,Fire Hose Games
2015,Leadwerks Software,Free to Play,Ubisoft - San Francisco
2015,Hexdragonal Games,Free to Play,XLGAMES
2015,WARTEAM,Free to Play,Ubisoft - San Francisco
2005,Infinity Ward,Free,Mariusz Gibas
2015,SoftStar,Free,Laughing Jackal LTD
2015,Marxnet,Free to Play,Onion Core
2015,TernGame,Free,Aratog LLC
2014,David Szymanski,Free,Iocaine Studios
2017,Galaxy Gate,Free,Larian Studios
2015,Lag Studios,Free to Play,Gearbox Software
2015,Freakinware Studios,Free to Play,"Hassey Enterprises, Inc."
2015,Stainless Games Ltd.,Free to Play,Ubisoft - San Francisco
2015,Proton Studio Inc,Free,Lexis Numérique
2015,Wild Wolf Std,Free,Ubisoft - San Francisco
2015,Black Shell Games,Free to Play,Palfrey Games
2015,Stardock Entertainment,Free to Play,Aleksander Ciesielski
2015,Trion Worlds,Free to Play,Fire Hose Games
2015,YFC games,Free,Ubisoft - San Francisco
2015,UD,Free to Play,Mighty Mob Games
2015,"Virgin Interactive Entertainment,PriitK",Free to Play,GAMESinFLAMES
2015,Prism Game Studios Ltd.,Free,Musopia
2015,TEAM101,Free to Play,Stray Fawn Studio
2015,Holy Priest,Free to Play,"Nodacoy Games,Jadan Bliss"
2015,Mad Otter Games,Free,Mihai Morosanu
2015,Technomancy Studios,Free to Play,MAGIX Software GmbH
2015,Gnarled Scar Manipulations,Free,Frontwing
2015,Michaela Laws,Free,Zordix AB
2015,practicing01,Free to Play,Z-Software
2007,T3 Entertainment,Free to Play,Pilgrim Adventures
2014,"Tiny Colossus,Ciro Continisio",Free To Play,Carlo D'Apostoli Projects
2015,Terminal Reality,Free,"LegendaryTaler,Oddeyefish"
2015,Guru Games,Free,Ubisoft - San Francisco
2015,Zeritum,Free to Play,RewindApp
2015,Daniel Jonathan Bourke,Free,Ubisoft - San Francisco
2013,"Dragonfly GF Co., LTD",Free to Play,Sidi Games
2015,JetDogs Studios,Free,DSK Studios Pvt. Ltd
2015,[geim].pro,Free to Play,Fakt Software
2013,Carmine T. Guida,Free,Dexion Games
2015,"Vasily Voronkov,Ryan Joseph,Peter Kosyh",Free to Play,"PadLabs GmbH,Stairport Sceneries"
2015,Pribuni,Free to Play,The Farm 51
2015,Reactor Zero,Free,WhiteSponge
2015,Shadow Masters,Free to Play,"Haven Made,craigz"
2014,DeXP,Free to Play,Geoff Keighley
2015,"Jagex,Artplant",Free to Play,Zoo Corporation
2015,SNK CORPORATION,Free to Play,Domini Games
2015,Thomas Bacon,Free to Play,DGform
2015,The Artistocrats,Free to Play,Deep Silver Volition
2007,stage-nulla,Free,"Visual Concepts,Yuke's Co., LTD"
2008,Grzegorz Slazinski,Free to Try,PlayFirst
2015,Spicy Horse Games,Free To Play,Eat Create Sleep
2015,Retro Yeti Games,Free to Play,Immersion
2015,"Nina Freeman,Laura Knetzger,Stephen Lawrence Clark",Free to Play,b-alive gmbh
2011,U24 Solutions,Free,Musopia
2015,Arc System Works,Free,Cloudhead Games ltd.
2014,"Nina Freeman,Emmett Butler,Decky Coss,Joni Kittaka",Free to Play,"NetherRealm Studios,QLOC"
2015,Electroplasmatic Games,Free,Uncle Frost Team
2015,Turtle Rock Studios,Free to Play,Hybris Studios
2015,Infinity Ward,Free,N3V Games
2015,"DONTNOD Entertainment,Feral Interactive (Mac),Feral Interactive (Linux)",Free,Vagabond Dog
2015,Atelier 801,Free to Play,Dark Castle Software
2015,Doctor Entertainment AB,Free to Play,Rebellion
2012,Red Dwarf Games,Free to Play,Oryzhon Studios
2015,Archive Entertainment,Free to Play,devFluid
2015,rdt.32,Free to Play,"KOEI TECMO GAMES CO., LTD."
2015,Ganz Studio,Free to Play,"KADOKAWA,Yoji Ojima"
2015,Rubicon Development,Free To Play,"SmiteWorks USA, LLC"
2015,"Binary Zoo,The Game Creators",Free to Play,Spicyhorse
2015,Codex7,Free,Igor Rashkuev
2014,"Michael Kissinger,Marco Hulden,Shaun Egan,Joshua Marks,Denys Ovsiannykov",Free to Play,"SmiteWorks USA, LLC"
2014,Galaxy Gate,Free to Play,Nexon
2012,Exe Games Inc.,Free to Play,Low Magic Studios
2014,"JumpStart Games, Inc.",Free to Play,Mousechief
2013,IO Entertainment,Free to Play,Rumbic Inc
2014,Spicy Horse,Free to Play,"Pinokl Games,Kverta"
2014,Soviet Games,Free to Play,"IMCGAMES Co.,Ltd."
2014,Hunted Cow Studios,Free to Play,Out of the Park Developments
2017,8-Bit Studio,Free to Play,"Irrational Games,Aspyr (Mac),Virtual Programming (Linux)"
2014,Double Action Factory,Free to Play,Digital Furnace Games
2014,Desert Owl Games LLC,Free to Play,Studio Bean
2014,"RO2/RS Community,Tripwire Interactive",Free Mod,"SmiteWorks USA, LLC"
2014,"RO2/RS Community,Tripwire Interactive",Free Mod,Ubisoft - San Francisco
2013,IDHAS Studios,Free to Play,Clarus Victoria
2014,Elijah Newman-Gomez,Free,Niffler Ltd.
2014,Lightmare Studios,Free to Play,SEA - EYE GS
2013,"Relic Entertainment,The Great War 1918 Development Team",Free,HateBit
2014,Psychic Software,Free To Play,Power of 2
2014,Flump Studios,Free,Thylacine Studios
2014,Cosmic Cow LLC,Free to Play,"Moonbite Games,PadaOne Games"
2014,Vagabond Dog,Free To Play,Capcom
2014,Ganz,Free to Play,Traveller's Tales
2014,Katauri,Free to Play,Inventive Dingo
2014,DR Studios,Free to Play,Blue Isle Studios
2014,Dead Shark Triplepunch,Free to Play,"Psyonix, Inc."
2014,Masthead Studios Ltd,Free to Play,DnS Development
2014,Creability,Free To Play,Sergej110
2014,KOG,Free to Play,Ad Aspera
2014,STUDIO RADI-8,Free,Laush Dmitriy Sergeevich
2014,"Expansive Worlds,Avalanche Studios",Free to Play,Paradox Development Studio
2014,"Trion Worlds, Inc.",Free to Play,Cruderocks
2008,Onson Soft,Free to Play,Cascade Game Foundry SPC
2014,Noble Empire Corp.,Free to Play,Bionic Pony
2014,candyrocketstudio,Free to Play,Exe Games Inc.
1996,3D Realms,Free,Yash Future Tech Solutions Pvt Ltd
2014,Oryx Design Lab,Free to Play,Neonchimp Games
2014,"Masangsoft, Inc.",Free to Play,BadgerHammer
2014,CodeBrush Games,Free to Play,singi
2014,Stridemann,Free,Andrew Rowe
2014,Matthew Brown,Free,Studio Binokle
2014,Ubisoft - San Francisco,Free Movie,Pipeworks Studio
2014,Mechanist Games,Free to Play,Mad Head Games
2014,Wyrmbyte,Free to Play,"Chris Christodoulou,Yeti Trunk"
2014,Cyanide,Free to Play,Dovetail Games
2014,Edge of Reality,Free to Play,"Moped Games,Random Dragon Games,Nerve Damage Games"
2013,Avalanche Studios,Free,NovaLogic
2013,Demiurge Studios,Free to Play,Ozapell
2009,Andrii Vintsevych,Free,Alakhaine Specialist Consulting Limited
2013,Critical Studio,Free to Play,Ubisoft - San Francisco
2013,Mixamo,Free,"RCG,MyST"
2011,No More Room in Hell Team,Free,TAMSOFT
2003,Gravity Interactive,Free to Play,Lightbulb Crew
2013,FarSight Studios,Free,"Nostalgia Hound,PiGravity"
2013,777 Studios,Free to Play,Stainless Games
2013,"Gravity, Inc.",Free to Play,Frizzank
2013,Team Psykskallar,Free,NAMCO
2013,Digital Extremes,Free to Play,SITER SKAIN
2013,Cyanide Studio,Free to Play,Zanrai Interactive
2013,Star Gem Inc.,Free to Play,Targem Games
2013,NGD Studios,Free to Play,ObsessionSoft
2013,Funcom,Free to Play,"Team17 Digital Ltd,Mouldy Toof Studios"
2013,Stoic,Free to Play,"KADOKAWA,Yoji Ojima"
2013,Scirra,Free to Use,"SmiteWorks USA, LLC"
2012,Eyedentity Games Inc.,Free to Play,11 bit studios
2012,Daybreak Game Company,Free to Play,Fallen Snow Studios
2012,Daybreak Game Company,Free to Play,"FreshGem,Zillion Whales"
2012,Carbon Games,Free to Play,Perfectly Paranormal
2012,Power of 2,Free to Play,Battlecruiser Games
2012,Cloud 9 Studio,Free to Play,Endless Loop Studios
2010,Vlambeer,Free to Play,Alpha72 Games
2012,"Monolith Productions, Inc.",Free to Play,Alientrap
2012,Nexon,Free to Play,Sierra
2012,Ronimo Games,Free To Play,"TT Games Ltd,Feral Interactive (Mac)"
2012,Hardsuit Labs,Free to Play,Confused Pelican
2012,Blackcow Studios,Free Demo,PLut
2012,Dark Artz Entertainment,Free to Play,Dexmes
2012,Uber Entertainment,Free to Play,Ironcode Gaming
2011,Reloaded Productions,Free to Play,Blue Potion Games
2012,FireFly Studios,Free to Play,vikingfabian.com
2011,Daybreak Game Company,Free to Play,Dambuster Studios
2011,Digital Eel,Free to Play,Overhead Games
2011,Stunlock Studios,Free to Play,SecureMix LLC
2011,Splash Damage,Free to Play,Ink Stains Games
2003,CCP,Free,Plexagon Studios
2009,Nimbly Games,Free,Rob Howland
2008,Frogwares,Free to Play,Jujubee S.A.
2007,ES Team,Free,Lab Zero Games
2005,Puny Human,Free,"Relic Entertainment,Feral Interactive (Mac),Feral Interactive (Linux)"
2007,Basilisk Games,Free,Bittersweet Entertainment
2007,Insurgency Development Team,Free,"CAPCOM Co., Ltd."
2007,Team Chivalry,Free,Chronova
2008,EXOR Studios,Free,Ubisoft - San Francisco
2007,Zombie Panic Team,Free,"SmiteWorks USA, LLC"
2005,Synergy Team,Free,Giants Software
2008,Empires,Free,G-TraX
2007,Valve,Free to Play,Broguelike
2017,Bacq Stellan,Free,Recotechnology S.L.
2017,PixelSoft,Free to Play,Full Control Studios
2017,Hubert Moszka,Free,Rune Forge
2017,Screenhit Studios,Free to Play,FireFly Studios
2017,ebi-hime,Free,Foolish Mortals Games
2018,Engin Mercan,Free,"PopCap Games, Inc."
2016,The Sims Studio,Free,10tons Ltd
2018,杭州分浪网络科技有限公司,Free To Play,Tephra Company
2018,KUMA GAMES,Free,Alawar
2018,Lucas Parise,Free,PVGames
